[
null,
{"id":1,"atypeId":0,"description":"","etypeId":2,"traits":[{"code":22,"dataId":1,"value":0}],"iconIndex":0,"name":"// CHARMS //","note":"","params":[0,0,0,0,0,0,0,0],"price":0},
{"id":2,"atypeId":1,"description":"Sicuramente-probabilmente-non-veramente fatto d’oro.<br>\nInutile in combattimento.","etypeId":2,"traits":[{"code":22,"dataId":1,"value":0}],"iconIndex":0,"name":"OROLOGIO “D’ORO”","note":"<IconIndex:0>","params":[0,0,0,0,0,0,0,0],"price":1000},
{"id":3,"atypeId":0,"description":"","etypeId":2,"traits":[{"code":22,"dataId":1,"value":0}],"iconIndex":0,"name":"","note":"","params":[0,0,0,0,0,0,0,0],"price":0},
{"id":4,"atypeId":1,"description":"Hanno una D in più rispetto agli occhialini 2D.<br>\nDIF +3","etypeId":2,"traits":[{"code":22,"dataId":1,"value":0}],"iconIndex":0,"name":"OCCHIALINI 3D","note":"<IconIndex:30>","params":[0,0,0,3,0,0,0,0],"price":0},
{"id":5,"atypeId":1,"description":"Un normale trifoglio.<br>\nFORTUNA +3","etypeId":2,"traits":[{"code":22,"dataId":1,"value":0}],"iconIndex":0,"name":"TRIFOGLIO","note":"<IconIndex:45>","params":[0,0,0,0,0,0,0,3],"price":0},
{"id":6,"atypeId":1,"description":"Se ne trovi uno, dovrebbe portarti fortuna!<br>\nFORTUNA +4, VITA +4","etypeId":2,"traits":[{"code":22,"dataId":1,"value":0}],"iconIndex":0,"name":"QUADRIFOGLIO","note":"<IconIndex:60>","params":[4,0,0,0,0,0,0,4],"price":0},
{"id":7,"atypeId":1,"description":"Si può definire ancora trifoglio a questo punto?<br>\nPiù ENERGIA hai, più la FORTUNA aumenta.","etypeId":2,"traits":[{"code":22,"dataId":1,"value":0}],"iconIndex":0,"name":"PENTAFOGLIO","note":"<IconIndex:13>\n\n<Custom Parameters>\nluk = $gameParty.stressEnergyCount + 2\n<Custom Parameters>","params":[0,0,0,0,0,0,0,0],"price":0},
{"id":8,"atypeId":1,"description":"Non serve a nulla.","etypeId":2,"traits":[{"code":22,"dataId":1,"value":0}],"iconIndex":0,"name":"APPENDICE","note":"<IconIndex:48>","params":[0,0,0,0,0,0,0,0],"price":0},
{"id":9,"atypeId":1,"description":"Non puoi essere triste se tieni in mano un pulcino.<br>\nVITA +30. L’utente inizia il combattimento con FELICITÀ.","etypeId":2,"traits":[{"code":22,"dataId":1,"value":0}],"iconIndex":0,"name":"PULCINO","note":"<IconIndex:55>\n<Passive State: 401>","params":[30,0,0,0,0,0,0,0],"price":0},
{"id":10,"atypeId":1,"description":"Un conveniente mezzo di archiviazione.<br>\nDIF +2","etypeId":2,"traits":[{"code":22,"dataId":1,"value":0}],"iconIndex":0,"name":"ZAINETTO","note":"<IconIndex:62>","params":[0,0,0,2,0,0,0,0],"price":0},
{"id":11,"atypeId":1,"description":"Un cappellino mistico risalente all’anno 199X.<br>\nDIF +10, VEL +15","etypeId":2,"traits":[{"code":22,"dataId":1,"value":0}],"iconIndex":0,"name":"CAPPELLINO DA BASEBALL","note":"<IconIndex:7>","params":[0,0,0,10,0,0,15,0],"price":0},
{"id":12,"atypeId":1,"description":"Due nocoli. Nocoli x2.<br>\nDIF +2, aumenta la PRECISIONE.","etypeId":2,"traits":[{"code":22,"dataId":1,"value":0},{"code":22,"dataId":0,"value":2}],"iconIndex":0,"name":"BINOCOLI","note":"<IconIndex:14>","params":[0,0,0,2,0,0,0,0],"price":0},
{"id":13,"atypeId":1,"description":"Soffice, morbida, e ti protegge dai mostri.<br>\nDIF +1, VITA +10","etypeId":2,"traits":[{"code":22,"dataId":1,"value":0}],"iconIndex":0,"name":"COPERTINA","note":"<IconIndex:21>","params":[10,0,0,1,0,0,0,0],"price":0},
{"id":14,"atypeId":1,"description":"Contiene conoscenza in abbondanza al suo interno.<br>\nL’utente guadagna più EXP in combattimento.","etypeId":2,"traits":[{"code":22,"dataId":1,"value":0},{"code":23,"dataId":9,"value":1.5}],"iconIndex":0,"name":"LIBRO","note":"<IconIndex:28>","params":[0,0,0,0,0,0,0,0],"price":0},
{"id":15,"atypeId":1,"description":"Un farfallino semplice ed elegante.<br>\nDIF +4","etypeId":2,"traits":[{"code":22,"dataId":1,"value":0}],"iconIndex":0,"name":"PAPILLON","note":"<IconIndex:35>","params":[0,0,0,4,0,0,0,0],"price":0},
{"id":16,"atypeId":1,"description":"Un semplice braccialetto.<br>\nDIF +1","etypeId":2,"traits":[{"code":22,"dataId":1,"value":0}],"iconIndex":0,"name":"BRACCIALETTO","note":"<IconIndex:42>","params":[0,0,0,1,0,0,0,0],"price":0},
{"id":17,"atypeId":1,"description":"Due rotoli di pane. VITA +10, DIF +5. La LIFE JAM <br>\nripristinerà più VITA quando usata in combattimento.","etypeId":2,"traits":[{"code":22,"dataId":1,"value":0}],"iconIndex":0,"name":"PANCUFFIE","note":"<IconIndex:49>\n<Passive State: 199>","params":[10,0,0,5,0,0,0,0],"price":0},
{"id":18,"atypeId":1,"description":"Imballaggio terapeutico.<br>\nDIF +3","etypeId":2,"traits":[{"code":22,"dataId":1,"value":0}],"iconIndex":0,"name":"INVOLUCRO DI BOLLE","note":"<IconIndex:56>","params":[0,0,0,3,0,0,0,0],"price":0},
{"id":19,"atypeId":1,"description":"Ti aiutano a sentire meglio.<br>\nDIF +3, VEL +12","etypeId":2,"traits":[{"code":22,"dataId":1,"value":0}],"iconIndex":0,"name":"ORECCHIE DA CONIGLIO","note":"<IconIndex:1>","params":[0,0,0,3,0,0,12,0],"price":0},
{"id":20,"atypeId":1,"description":"Appuntito all’esterno, morbido all’interno.<br>\nDIF +3, ATT +3","etypeId":2,"traits":[{"code":22,"dataId":1,"value":0}],"iconIndex":0,"name":"CACTUS","note":"<IconIndex:8>","params":[0,0,3,3,0,0,0,0],"price":0},
{"id":21,"atypeId":1,"description":"Ti conferiscono riflessi felini!<br>\nDIF +3, VEL +10","etypeId":2,"traits":[{"code":22,"dataId":1,"value":0}],"iconIndex":0,"name":"ORECCHIE DA GATTO","note":"<IconIndex:22>","params":[0,0,0,1,0,0,10,0],"price":0},
{"id":22,"atypeId":1,"description":"Assolutamente indistruttibile.<br>\nDIF +10","etypeId":2,"traits":[{"code":22,"dataId":1,"value":0}],"iconIndex":0,"name":"TELEFONINO","note":"<IconIndex:29>","params":[0,0,0,10,0,0,0,0],"price":0},
{"id":23,"atypeId":1,"description":"Si dice che porti ricchezza e fortuna in abbondanza!<br>\nAumenta le VONGOLE guadagnate in combattimento.","etypeId":2,"traits":[{"code":22,"dataId":1,"value":0},{"code":64,"dataId":4,"value":1}],"iconIndex":0,"name":"VONGOLMONETA","note":"<IconIndex:36>","params":[0,0,0,0,0,0,0,0],"price":0},
{"id":24,"atypeId":1,"description":"Ancora più fichi quando indossati al chiuso.<br>\nATT +5, DIF +5","etypeId":2,"traits":[{"code":22,"dataId":1,"value":0}],"iconIndex":0,"name":"OCCHIALI FICHI","note":"<IconIndex:43>","params":[0,0,5,5,0,0,0,0],"price":0},
{"id":25,"atypeId":1,"description":"È bellino.<br>\nVITA +10","etypeId":2,"traits":[{"code":22,"dataId":1,"value":0}],"iconIndex":0,"name":"TAPPO DI BOTTIGLIA","note":"<IconIndex:50>","params":[10,0,0,0,0,0,0,0],"price":0},
{"id":26,"atypeId":1,"description":"Trattiene i germi vicino alla tua faccia.<br>\nAumenta TUTTE LE STATISTICHE.","etypeId":2,"traits":[{"code":22,"dataId":1,"value":0}],"iconIndex":0,"name":"MASCHERINA","note":"<IconIndex:57>","params":[25,25,10,10,0,0,10,10],"price":0},
{"id":27,"atypeId":1,"description":"Una margherita da DAISY. VITA +10,<br>\nl’utente inizia il combattimento con FELICITÀ.","etypeId":2,"traits":[{"code":22,"dataId":1,"value":0}],"iconIndex":0,"name":"MARGHERITA","note":"<Passive State: 401>\n<IconIndex:2>","params":[10,0,0,0,0,0,0,0],"price":0},
{"id":28,"atypeId":1,"description":"Il primo passo per diventare un pirata.<br>\nATT +7, ma riduce la PRECISIONE.","etypeId":2,"traits":[{"code":22,"dataId":1,"value":0},{"code":22,"dataId":0,"value":-0.25}],"iconIndex":0,"name":"BENDA SULL’OCCHIO","note":"<IconIndex:9>","params":[0,0,7,0,0,0,0,0],"price":0},
{"id":29,"atypeId":1,"description":"Non è una coda vera.<br>\nVEL +15","etypeId":2,"traits":[{"code":22,"dataId":1,"value":0}],"iconIndex":0,"name":"CODA FINTA","note":"<IconIndex:16>","params":[0,0,0,0,0,0,15,0],"price":0},
{"id":30,"atypeId":1,"description":"Sta molto bene al SIG. JAWSUM.<br>\nDIF +5, FORTUNA +5","etypeId":2,"traits":[{"code":22,"dataId":1,"value":0}],"iconIndex":0,"name":"FEDORA","note":"<IconIndex:23>","params":[0,0,0,5,0,0,0,5],"price":0},
{"id":31,"atypeId":1,"description":"Un dito mozzato. Ancora fresco. ATT +10,<br>\nDIF -5, l’utente inizia il combattimento con RABBIA.","etypeId":2,"traits":[{"code":22,"dataId":1,"value":0}],"iconIndex":0,"name":"DITO","note":"<Passive State: 403>\n<IconIndex:37>","params":[0,0,10,-5,0,0,0,0],"price":0},
{"id":32,"atypeId":1,"description":"Un regalo carino.<br>\nDIF +2, l’utente inizia il combattimento con FELICITÀ.","etypeId":2,"traits":[{"code":22,"dataId":1,"value":0}],"iconIndex":0,"name":"MOLLETTA CON FIORE","note":"<IconIndex:44>\n<Passive State: 401>","params":[0,0,0,2,0,0,0,0],"price":0},
{"id":33,"atypeId":1,"description":"Una vera coda di volpe!<br>\nPiù ENERGIA hai, più la VELOCITÀ aumenta.","etypeId":2,"traits":[{"code":22,"dataId":1,"value":0}],"iconIndex":0,"name":"CODA DI VOLPE","note":"<IconIndex:51>\n\n<Custom Parameters>\nagi = $gameParty.stressEnergyCount * 3 + 5\n<Custom Parameters>","params":[0,0,0,0,0,0,0,0],"price":0},
{"id":34,"atypeId":1,"description":"Un braccialetto che rappresenta l’amicizia.<br>\nVITA +10, SUCCO +10.","etypeId":2,"traits":[{"code":22,"dataId":1,"value":0}],"iconIndex":0,"name":"BRACCIALETTO DELL’AMICIZIA","note":"<IconIndex:58>","params":[10,10,0,0,0,0,0,0],"price":0},
{"id":35,"atypeId":1,"description":"Ti fanno sembrare automaticamente più intelligente.<br>\nDIF +5, aumentano la PRECISIONE.","etypeId":2,"traits":[{"code":22,"dataId":1,"value":0},{"code":22,"dataId":0,"value":2}],"iconIndex":0,"name":"OCCHIALI DA SECCHIONE","note":"<IconIndex:3>","params":[0,0,0,5,0,0,0,0],"price":0},
{"id":36,"atypeId":1,"description":"Sicuramente fatto al 100% d’oro. Puoi dirlo <br>\na giudicare dal peso. VEL -10","etypeId":2,"traits":[{"code":22,"dataId":1,"value":0}],"iconIndex":0,"name":"OROLOGIO D’ORO","note":"<IconIndex:10>","params":[0,0,0,0,0,0,-10,0],"price":5000},
{"id":37,"atypeId":1,"description":"Più ridotto di un elmo.<br>\nDIF +6","etypeId":2,"traits":[{"code":22,"dataId":1,"value":0}],"iconIndex":0,"name":"ELMETTO","note":"<IconIndex:17>","params":[0,0,0,6,0,0,0,0],"price":0},
{"id":38,"atypeId":1,"description":"Si usa per tenere indietro i capelli.<br>\nAumenta la maggior parte delle STATISTICHE.","etypeId":2,"traits":[{"code":22,"dataId":1,"value":0}],"iconIndex":0,"name":"FASCIA","note":"<IconIndex:24>","params":[0,20,10,3,0,0,15,0],"price":0},
{"id":39,"atypeId":1,"description":"Fragile. Trattala bene.<br>\nVITA +20, l’utente inizia il combattimento con FELICITÀ.","etypeId":2,"traits":[{"code":22,"dataId":1,"value":0}],"iconIndex":0,"name":"CORDA DEL CUORE","note":"<Passive State: 401>\n<IconIndex:31>","params":[30,0,0,0,0,0,0,0],"price":0},
{"id":40,"atypeId":1,"description":"Ti aumentano l’altezza! Probabilmente<br>\npiacerebbero a KEL. ATT +10, VEL -10","etypeId":2,"traits":[{"code":22,"dataId":1,"value":0}],"iconIndex":0,"name":"TACCHI ALTI","note":"<IconIndex:38>","params":[0,0,10,0,0,0,-10,0],"price":0},
{"id":41,"atypeId":1,"description":"Rovinano l’esistenza di ogni bambino.<br>\nL’utente inizia il combattimento con TRISTEZZA.","etypeId":2,"traits":[{"code":22,"dataId":1,"value":0}],"iconIndex":0,"name":"COMPITI","note":"<IconIndex:52>\n<Passive State: 402>","params":[0,0,0,0,0,0,0,0],"price":0},
{"id":42,"atypeId":1,"description":"Rendono il nuoto più facile, ma allo stesso tempo<br>\npiù difficile. Più ENERGIA hai, più aumenta la DIFESA.","etypeId":2,"traits":[{"code":22,"dataId":1,"value":0}],"iconIndex":0,"name":"CIAMBELLA GALLEGGIANTE","note":"<IconIndex:59>\n\n<Custom Parameters>\ndef = $gameParty.stressEnergyCount + 2\n<Custom Parameters>","params":[0,0,0,0,0,0,0,0],"price":0},
{"id":43,"atypeId":1,"description":"Impedisce di essere TOSTATO se l’utente ha più<br>\ndi 1 di VITA. FORTUNA +10","etypeId":2,"traits":[{"code":22,"dataId":1,"value":0}],"iconIndex":0,"name":"PORTAFORTUNA","note":"<Passive State: 37>\n<IconIndex:4>","params":[0,0,0,0,0,0,0,10],"price":0},
{"id":44,"atypeId":1,"description":"L’indossatore inizia il combattimento con<br>\nun’EMOZIONE casuale.","etypeId":2,"traits":[{"code":22,"dataId":1,"value":0}],"iconIndex":0,"name":"FAGIOLO MAGICO","note":"//Random Emotion\n<Passive State: 400>\n<IconIndex:11>","params":[0,0,0,0,0,0,0,0],"price":0},
{"id":45,"atypeId":1,"description":"Progettato per i ricchi e per le persone<br>\ncon un occhio solo. TUTTE LE STATISTICHE +1","etypeId":2,"traits":[{"code":22,"dataId":1,"value":0},{"code":22,"dataId":0,"value":0.01}],"iconIndex":0,"name":"MONOCOLO","note":"<IconIndex:18>","params":[1,1,1,1,0,0,1,1],"price":0},
{"id":46,"atypeId":1,"description":"L’orgoglio di ogni gentiluomo.<br>\nATT +5, FORTUNA +10","etypeId":2,"traits":[{"code":22,"dataId":1,"value":0}],"iconIndex":0,"name":"BAFFO","note":"<IconIndex:25>","params":[0,0,5,0,0,0,0,10],"price":0},
{"id":47,"atypeId":1,"description":"Solo uno.<br>\nVITA +20, SUCCO +20","etypeId":2,"traits":[{"code":22,"dataId":1,"value":0}],"iconIndex":0,"name":"ANELLO DI CIPOLLA","note":"<IconIndex:32>","params":[20,20,0,0,0,0,0,0],"price":0},
{"id":48,"atypeId":1,"description":"Pratici e alla moda.<br>\nDIF +13, VITA +30","etypeId":2,"traits":[{"code":22,"dataId":1,"value":0}],"iconIndex":0,"name":"GUANTONI DA FORNO","note":"<IconIndex:39>","params":[30,0,0,13,0,0,0,0],"price":0},
{"id":49,"atypeId":1,"description":"Indossalo in testa.<br>\nDIF +13, VITA +40, previene le EMOZIONI.","etypeId":2,"traits":[{"code":22,"dataId":1,"value":0},{"code":14,"dataId":6,"value":1},{"code":14,"dataId":7,"value":1},{"code":14,"dataId":8,"value":1},{"code":14,"dataId":10,"value":1},{"code":14,"dataId":11,"value":1},{"code":14,"dataId":12,"value":1},{"code":14,"dataId":14,"value":1},{"code":14,"dataId":15,"value":1},{"code":14,"dataId":16,"value":1},{"code":14,"dataId":18,"value":1}],"iconIndex":0,"name":"SACCHETTO DI CARTA","note":"<IconIndex:46>","params":[40,0,0,13,0,0,0,0],"price":0},
{"id":50,"atypeId":1,"description":"Può parlare, ma è molto timido.<br>\nÈ un buon amico.","etypeId":2,"traits":[{"code":22,"dataId":1,"value":0}],"iconIndex":0,"name":"HECTOR","note":"<IconIndex:53>","params":[0,0,0,0,0,0,0,0],"price":0},
{"id":51,"atypeId":1,"description":"Un fiocco a pois. Troppo vistoso per i tuoi gusti.<br>\nVITA +50, ATT +10, DIF +3","etypeId":2,"traits":[{"code":22,"dataId":1,"value":0}],"iconIndex":0,"name":"FIOCCO CARINO","note":"<IconIndex:5>","params":[50,0,10,3,0,0,0,0],"price":0},
{"id":52,"atypeId":1,"description":"C’è attaccata una foto di KEL.<br>\nL’indossatore inizia il combattimento con RABBIA.","etypeId":2,"traits":[{"code":22,"dataId":1,"value":0}],"iconIndex":0,"name":"SACCO DA BOXE","note":"<IconIndex:12>\n<Passive State: 403>","params":[0,0,0,0,0,0,0,0],"price":0},
{"id":53,"atypeId":1,"description":"Fa un po’ schifo, ma porta fortuna.<br>\nVEL +15, FORTUNA +10","etypeId":2,"traits":[{"code":22,"dataId":1,"value":0}],"iconIndex":0,"name":"ZAMPA DI CONIGLIO","note":"<IconIndex:80>","params":[0,0,0,0,0,0,15,10],"price":0},
{"id":54,"atypeId":1,"description":"Un bel fiocco rosso.<br>\nDIF +5. Più ENERGIA hai, più aumenta l’ATTACCO.","etypeId":2,"traits":[{"code":22,"dataId":1,"value":0}],"iconIndex":0,"name":"FIOCCO ROSSO","note":"<IconIndex:19>\n\n<Custom Parameters>\natk = $gameParty.stressEnergyCount * 2 + 1\n<Custom Parameters>","params":[0,0,0,5,0,0,0,0],"price":0},
{"id":55,"atypeId":1,"description":"Toccano profondamente l’anima.<br>\nL’utente inizia il combattimento con TRISTEZZA.","etypeId":2,"traits":[{"code":22,"dataId":1,"value":0}],"iconIndex":0,"name":"LIBRO DI POESIE PROFONDE","note":"<Passive State: 402>\n<IconIndex:26>","params":[0,0,0,0,0,0,0,0],"price":0},
{"id":56,"atypeId":1,"description":"Una paperella di gomma carina. Non le piaci molto.<br>\nDIF +7","etypeId":2,"traits":[{"code":22,"dataId":1,"value":0}],"iconIndex":0,"name":"PAPERELLA DI GOMMA","note":"<IconIndex:40>","params":[0,0,0,7,0,0,0,0],"price":0},
{"id":57,"atypeId":1,"description":"Chi può resistere ai saldi? Riduce il costo<br>\ndella prima ABILITÀ utilizzata in combattimento.","etypeId":2,"traits":[{"code":22,"dataId":1,"value":0}],"iconIndex":0,"name":"TARGHETTA DI SCONTO","note":"<Passive State: 36>\n<IconIndex:33>","params":[0,0,0,0,0,0,0,0],"price":0},
{"id":58,"atypeId":1,"description":"Per aiutarti a ricordare i tuoi amici...<br>\nDIF +5, VITA +25, SUCCO +25","etypeId":2,"traits":[{"code":22,"dataId":1,"value":0}],"iconIndex":0,"name":"COLLANA DI CONCHIGLIE","note":"<IconIndex:47>","params":[25,25,0,5,0,0,0,0],"price":0},
{"id":59,"atypeId":1,"description":"Occhialoni che sanno tutto.<br>\nDIF +1, FORTUNA +3, aumenta la PRECISIONE.","etypeId":2,"traits":[{"code":22,"dataId":1,"value":0},{"code":22,"dataId":0,"value":2}],"iconIndex":0,"name":"VISORE","note":"<IconIndex:54>","params":[0,0,0,1,0,0,0,3],"price":0},
{"id":60,"atypeId":1,"description":"Spera che non sia infestato...<br>\nDIF +13, FORTUNA +13, VITA +13","etypeId":2,"traits":[{"code":22,"dataId":1,"value":0}],"iconIndex":0,"name":"CAPPELLO A CILINDRO","note":"<IconIndex:61>","params":[13,0,0,13,0,0,0,13],"price":0},
{"id":61,"atypeId":1,"description":"DELETE","etypeId":2,"traits":[{"code":22,"dataId":1,"value":0}],"iconIndex":0,"name":"PET ROCK","note":"<IconIndex:79>","params":[0,0,0,0,0,0,0,0],"price":0},
{"id":62,"atypeId":1,"description":"Può parlare, ma è molto timido.<br>\nPiù ENERGIA hai, più le statistiche aumentano.","etypeId":2,"traits":[{"code":22,"dataId":1,"value":0}],"iconIndex":0,"name":"HECTOR JR","note":"<IconIndex:53>\n\n<Custom Parameters>\natk = $gameParty.stressEnergyCount + 1\ndef = $gameParty.stressEnergyCount + 1\nagi = $gameParty.stressEnergyCount + 1\nluk = $gameParty.stressEnergyCount\n<Custom Parameters>","params":[0,0,0,0,0,0,0,0],"price":0},
{"id":63,"atypeId":1,"description":"Gettata via spietatamente da SWEETHEART. Aumenta tutte<br>\nle STATISTICHE. L’utente inizia il combattimento FELICE.","etypeId":2,"traits":[{"code":22,"dataId":1,"value":0}],"iconIndex":0,"name":"FEDE NUZIALE","note":"<Passive State: 401>\n<IconIndex:27>","params":[10,10,3,3,0,0,3,3],"price":0},
{"id":64,"atypeId":1,"description":"Anche chiamata “wishbone”... esprimi un desiderio!<br>\nFORTUNA +7","etypeId":2,"traits":[{"code":22,"dataId":1,"value":0}],"iconIndex":0,"name":"FORCELLA","note":"<IconIndex:20>","params":[0,0,0,0,0,0,0,7],"price":0},
{"id":65,"atypeId":1,"description":"Un giovane ortaggio.<br>\nVITA +15, SUCCO +15","etypeId":2,"traits":[{"code":22,"dataId":1,"value":0}],"iconIndex":0,"name":"VERDURINO","note":"<IconIndex:83>","params":[15,15,0,0,0,0,0,0],"price":0},
{"id":66,"atypeId":1,"description":"Incarna lo spirito della PRIMAVERA.<br>\nSUCCO +10","etypeId":2,"traits":[{"code":22,"dataId":1,"value":0}],"iconIndex":0,"name":"INNAFFIATOIO","note":"<IconIndex:84>","params":[0,10,0,0,0,0,0,0],"price":0},
{"id":67,"atypeId":1,"description":"Incarna lo spirito dell’AUTUNNO.<br>\nATT +3","etypeId":2,"traits":[{"code":22,"dataId":1,"value":0}],"iconIndex":0,"name":"RASTRELLO","note":"<IconIndex:82>","params":[0,0,3,0,0,0,0,0],"price":0},
{"id":68,"atypeId":1,"description":"Incarna lo spirito dell’INVERNO.<br>\nDIF +3","etypeId":2,"traits":[{"code":22,"dataId":1,"value":0}],"iconIndex":0,"name":"SCIARPA","note":"<IconIndex:34>","params":[0,0,0,3,0,0,0,0],"price":0},
{"id":69,"atypeId":1,"description":"DELETE","etypeId":2,"traits":[{"code":22,"dataId":1,"value":0}],"iconIndex":0,"name":"TEDDY BEAR","note":"<IconName:i_18>","params":[0,0,0,5,0,0,0,0],"price":0},
{"id":70,"atypeId":1,"description":"Un morbido batuffolo di cotone.<br>\nDIF +1, VEL +3","etypeId":2,"traits":[{"code":22,"dataId":1,"value":0}],"iconIndex":0,"name":"BATUFFOLO DI COTONE","note":"<IconIndex:41>","params":[0,0,0,1,0,0,3,0],"price":0},
{"id":71,"atypeId":1,"description":"Illumina una stanza.<br>\nDIF +4","etypeId":2,"traits":[{"code":22,"dataId":1,"value":0}],"iconIndex":0,"name":"TORCIA","note":"<IconIndex:72>","params":[0,0,0,4,0,0,0,0],"price":0},
{"id":72,"atypeId":1,"description":"Può cambiare l’universo.<br>\nAumenta TUTTE LE STATISTICHE.","etypeId":2,"traits":[{"code":22,"dataId":1,"value":0}],"iconIndex":0,"name":"TELECOMANDO UNIVERSALE","note":"<IconIndex:6>","params":[10,10,5,5,0,0,5,5],"price":0},
{"id":73,"atypeId":1,"description":"L’orgoglio di ogni chef.<br>\nDIF +15, ripristina SUCCO ad ogni turno.","etypeId":2,"traits":[{"code":22,"dataId":1,"value":0}],"iconIndex":0,"name":"CAPPELLO DA CUOCO","note":"<Passive State: 135>\n<IconIndex:77>","params":[0,0,0,15,0,0,0,0],"price":0},
{"id":74,"atypeId":1,"description":"Cambia i canali in TV.<br>\nDIF +2, VITA +5","etypeId":2,"traits":[{"code":22,"dataId":1,"value":0}],"iconIndex":0,"name":"TELECOMANDO TV","note":"<IconIndex:6>","params":[5,0,0,2,0,0,0,0],"price":0},
{"id":75,"atypeId":1,"description":"Incarna lo spirito dell’ESTATE.<br>\nVITA +15","etypeId":2,"traits":[{"code":22,"dataId":1,"value":0}],"iconIndex":0,"name":"CREMA SOLARE","note":"<IconIndex:81>","params":[15,0,0,0,0,0,0,0],"price":0},
{"id":76,"atypeId":1,"description":"Un pezzo di carta potente.<br>\nScambia VITA e SUCCO per le altre STATISTICHE.","etypeId":2,"traits":[{"code":22,"dataId":1,"value":0},{"code":21,"dataId":0,"value":0.2},{"code":21,"dataId":1,"value":0.2}],"iconIndex":0,"name":"CONTRATTO","note":"<IconIndex:71>","params":[0,0,20,20,0,0,20,20],"price":0},
{"id":77,"atypeId":1,"description":"Un dono prezioso fatto da BASIL.\nVITA +100, SUCCO +25","etypeId":2,"traits":[{"code":22,"dataId":1,"value":0}],"iconIndex":0,"name":"CORONA DI FIORI","note":"<IconIndex:85>","params":[100,25,0,0,0,0,0,0],"price":0},
{"id":78,"atypeId":1,"description":"I resti di ABBI. Prevede chi sarà preso di mira<br>\nda un nemico all’inizio del combattimento.","etypeId":2,"traits":[{"code":22,"dataId":1,"value":0},{"code":22,"dataId":0,"value":1},{"code":21,"dataId":0,"value":0.1},{"code":21,"dataId":1,"value":0.01}],"iconIndex":0,"name":"OCCHIO DI ABBI","note":"<IconIndex:86>","params":[0,0,40,0,0,0,40,40],"price":0},
{"id":79,"atypeId":0,"description":"","etypeId":2,"traits":[{"code":22,"dataId":1,"value":0}],"iconIndex":0,"name":"","note":"","params":[0,0,0,0,0,0,0,0],"price":0},
{"id":80,"atypeId":0,"description":"","etypeId":2,"traits":[{"code":22,"dataId":1,"value":0}],"iconIndex":0,"name":"// FAR AWAY TOWN //","note":"","params":[0,0,0,0,0,0,0,0],"price":0},
{"id":81,"atypeId":1,"description":"Rossa, appiccicosa, e a forma di mano.","etypeId":2,"traits":[{"code":22,"dataId":1,"value":0}],"iconIndex":0,"name":"MANO ROSSA","note":"<IconIndex:68>\n<gachaImage:RedHand>\n<gachaNumLot: 4>\n<gachaRank: 1> \n<IconName:acc_69>","params":[0,0,0,0,0,0,0,0],"price":0},
{"id":82,"atypeId":1,"description":"Verde, appiccicosa, e a forma di mano.","etypeId":2,"traits":[{"code":22,"dataId":1,"value":0}],"iconIndex":0,"name":"MANO VERDE","note":"<IconIndex:68>\n<gachaImage:GreenHand>\n<gachaNumLot: 3>\n<gachaRank: 2> \n<IconName:acc_69>","params":[0,0,0,0,0,0,0,0],"price":0},
{"id":83,"atypeId":1,"description":"Viola, appiccicosa, e a forma di mano.","etypeId":2,"traits":[{"code":22,"dataId":1,"value":0}],"iconIndex":0,"name":"MANO VIOLA","note":"<IconIndex:68>\n<gachaImage:PurpleHand>\n<gachaNumLot: 2>\n<gachaRank: 3> \n<IconName:acc_69>","params":[0,0,0,0,0,0,0,0],"price":0},
{"id":84,"atypeId":1,"description":"Una palla viola che rimbalza.","etypeId":2,"traits":[{"code":22,"dataId":1,"value":0}],"iconIndex":0,"name":"PALLA VIOLA","note":"<IconIndex:67>\n<gachaImage:PurpleBall>\n<gachaNumLot: 4>\n<gachaRank: 1> \n<IconName:acc_68>","params":[0,0,0,0,0,0,0,0],"price":0},
{"id":85,"atypeId":1,"description":"Una palla rosa che rimbalza.","etypeId":2,"traits":[{"code":22,"dataId":1,"value":0}],"iconIndex":0,"name":"PALLA ROSA","note":"<IconIndex:67>\n<gachaImage:PinkBall>\n<gachaNumLot: 3>\n<gachaRank: 2> \n<IconName:acc_68>","params":[0,0,0,0,0,0,0,0],"price":0},
{"id":86,"atypeId":1,"description":"Una palla verde che rimbalza.","etypeId":2,"traits":[{"code":22,"dataId":1,"value":0}],"iconIndex":0,"name":"PALLA VERDE","note":"<IconIndex:67>\n<gachaImage:GreenBall>\n<gachaNumLot: 2>\n<gachaRank: 3> \n<IconName:acc_68>","params":[0,0,0,0,0,0,0,0],"price":0},
{"id":87,"atypeId":1,"description":"Una molla giocattolo verde.","etypeId":2,"traits":[{"code":22,"dataId":1,"value":0}],"iconIndex":0,"name":"MOLLA VERDE","note":"<IconIndex:69>\n<gachaImage:GreenSlinky>\n<gachaNumLot: 4>\n<gachaRank: 1> \n","params":[0,0,0,0,0,0,0,0],"price":0},
{"id":88,"atypeId":1,"description":"Una molla giocattolo blu.","etypeId":2,"traits":[{"code":22,"dataId":1,"value":0}],"iconIndex":0,"name":"MOLLA BLU","note":"<IconIndex:69>\n<gachaImage:BlueSlinky>\n<gachaNumLot: 3>\n<gachaRank: 2> \n","params":[0,0,0,0,0,0,0,0],"price":0},
{"id":89,"atypeId":1,"description":"Una molla giocattolo gialla.","etypeId":2,"traits":[{"code":22,"dataId":1,"value":0}],"iconIndex":0,"name":"MOLLA GIALLA","note":"<IconIndex:69>\n<gachaImage:YellowSlinky>\n<gachaNumLot: 2>\n<gachaRank: 3> \n","params":[0,0,0,0,0,0,0,0],"price":0},
{"id":90,"atypeId":1,"description":"Un gatto giallo portatile.","etypeId":2,"traits":[{"code":22,"dataId":1,"value":0}],"iconIndex":0,"name":"PORTACHIAVI GIALLO","note":"<IconIndex:66>\n<gachaImage:YellowCat>\n<gachaNumLot: 4>\n<gachaRank: 1> \n<IconName:acc_67>","params":[0,0,0,0,0,0,0,0],"price":0},
{"id":91,"atypeId":1,"description":"Un gatto verde portatile.","etypeId":2,"traits":[{"code":22,"dataId":1,"value":0}],"iconIndex":0,"name":"PORTACHIAVI VERDE","note":"<IconIndex:66>\n<gachaImage:GreenCat>\n<gachaNumLot: 3>\n<gachaRank: 2> \n<IconName:acc_67>","params":[0,0,0,0,0,0,0,0],"price":0},
{"id":92,"atypeId":1,"description":"Un gatto rosa portatile.","etypeId":2,"traits":[{"code":22,"dataId":1,"value":0}],"iconIndex":0,"name":"PORTACHIAVI ROSA","note":"<IconIndex:66>\n<gachaImage:PinkCat>\n<gachaNumLot: 2>\n<gachaRank: 3> \n<IconName:acc_67>","params":[0,0,0,0,0,0,0,0],"price":0},
{"id":93,"atypeId":1,"description":"Un... gatto... portatile?","etypeId":2,"traits":[{"code":22,"dataId":1,"value":0}],"iconIndex":0,"name":"PORTACHIAVI CHIMERA","note":"<IconIndex:70>\n<gachaImage:ChimeraCat>\n<gachaNumLot: 1>\n<gachaRank: 4> \n<IconName:acc_71>","params":[0,0,0,0,0,0,0,5],"price":0},
{"id":94,"atypeId":1,"description":"Il sasso più leale.","etypeId":2,"traits":[{"code":22,"dataId":1,"value":0}],"iconIndex":0,"name":"TAMASASSO","note":"<IconIndex:79>","params":[0,0,0,0,0,0,0,0],"price":0},
{"id":95,"atypeId":1,"description":"Un fiore su una molletta.","etypeId":2,"traits":[{"code":22,"dataId":1,"value":0}],"iconIndex":0,"name":"MOLLETTA CON FIORE","note":"<IconIndex:44>","params":[0,0,0,0,0,0,0,0],"price":0},
{"id":96,"atypeId":1,"description":"Una fascia che è rossa.","etypeId":2,"traits":[{"code":22,"dataId":1,"value":0}],"iconIndex":0,"name":"FASCIA ROSSA","note":"<IconIndex:64>","params":[0,0,0,0,0,0,0,0],"price":0},
{"id":97,"atypeId":1,"description":"Una fascia che è arancione.","etypeId":2,"traits":[{"code":22,"dataId":1,"value":0}],"iconIndex":0,"name":"FASCIA ARANCIONE","note":"<IconIndex:63>","params":[0,0,0,0,0,0,0,0],"price":0},
{"id":98,"atypeId":1,"description":"Ancora più fichi quando indossati al chiuso.","etypeId":2,"traits":[{"code":22,"dataId":1,"value":0}],"iconIndex":0,"name":"OCCHIALI FICHI","note":"<IconIndex:43>","params":[0,0,0,0,0,0,0,0],"price":0},
{"id":99,"atypeId":1,"description":"Riesci quasi a sentire la brezza marina.","etypeId":2,"traits":[{"code":22,"dataId":1,"value":0}],"iconIndex":0,"name":"COLLANA DI CONCHIGLIE","note":"<IconIndex:47>","params":[0,0,0,0,0,0,0,0],"price":0},
{"id":100,"atypeId":1,"description":"Un oggetto luccicante da indossare sul polso.","etypeId":2,"traits":[{"code":22,"dataId":1,"value":0}],"iconIndex":0,"name":"OROLOGIO D’ORO","note":"<IconIndex:10>","params":[0,0,0,0,0,0,0,0],"price":200},
{"id":101,"atypeId":1,"description":"Sarà oro vero?","etypeId":2,"traits":[{"code":22,"dataId":1,"value":0}],"iconIndex":0,"name":"OROLOGIO “D’ORO”","note":"<IconIndex:0>","params":[0,0,0,0,0,0,0,0],"price":20},
{"id":102,"atypeId":1,"description":"Da indossare in testa, ma è meglio di no.","etypeId":2,"traits":[{"code":22,"dataId":1,"value":0}],"iconIndex":0,"name":"FEDORA","note":"<IconIndex:23>","params":[0,0,0,0,0,0,0,0],"price":0},
{"id":103,"atypeId":1,"description":"Nessun coniglio è stato maltrattato.","etypeId":2,"traits":[{"code":22,"dataId":1,"value":0}],"iconIndex":0,"name":"ZAMPA DI CONIGLIO","note":"<IconIndex:9>","params":[0,0,0,0,0,0,0,0],"price":0},
{"id":104,"atypeId":1,"description":"È meglio abbracciarlo.","etypeId":2,"traits":[{"code":22,"dataId":1,"value":0}],"iconIndex":0,"name":"ORSACCHIOTTO","note":"<IconName:i_18>","params":[0,0,0,0,0,0,0,0],"price":0},
{"id":105,"atypeId":1,"description":"Un cappello prestigioso fornito al campione dei<br>\nTAMASASSI. 100% cotone.","etypeId":2,"traits":[{"code":22,"dataId":1,"value":0}],"iconIndex":0,"name":"CAPPELLO “SEI UNA ROCCIA”","note":"<IconIndex:87>","params":[0,0,0,0,0,0,0,0],"price":0},
{"id":106,"atypeId":1,"description":"Più bella nel vento.","etypeId":2,"traits":[{"code":22,"dataId":1,"value":0}],"iconIndex":0,"name":"GIRANDOLA","note":"<IconIndex:65>","params":[0,0,0,0,0,0,0,0],"price":0},
{"id":107,"atypeId":1,"description":"È fico da portare in giro.","etypeId":2,"traits":[{"code":22,"dataId":1,"value":0}],"iconIndex":0,"name":"PENNELLO","note":"<IconIndex:78>","params":[0,0,0,0,0,0,0,0],"price":0},
{"id":108,"atypeId":1,"description":"Raro e vintage. Leggermente luccicante.","etypeId":2,"traits":[{"code":22,"dataId":1,"value":0}],"iconIndex":0,"name":"TAPPO DI BOTTIGLIA FICO","note":"<IconIndex:50>","params":[0,0,0,0,0,0,0,0],"price":0},
{"id":109,"atypeId":2,"description":"Il migliore amico di KEL.","etypeId":2,"traits":[{"code":22,"dataId":1,"value":0}],"iconIndex":0,"name":"TAMASASSO DI KEL","note":"<IconIndex:79>","params":[0,0,0,0,0,0,0,0],"price":0},
{"id":110,"atypeId":0,"description":"","etypeId":2,"traits":[{"code":22,"dataId":1,"value":0}],"iconIndex":0,"name":"","note":"","params":[0,0,0,0,0,0,0,0],"price":0},
{"id":111,"atypeId":0,"description":"","etypeId":2,"traits":[{"code":22,"dataId":1,"value":0}],"iconIndex":0,"name":"","note":"","params":[0,0,0,0,0,0,0,0],"price":0},
{"id":112,"atypeId":0,"description":"","etypeId":2,"traits":[{"code":22,"dataId":1,"value":0}],"iconIndex":0,"name":"","note":"","params":[0,0,0,0,0,0,0,0],"price":0},
{"id":113,"atypeId":0,"description":"","etypeId":2,"traits":[{"code":22,"dataId":1,"value":0}],"iconIndex":0,"name":"","note":"","params":[0,0,0,0,0,0,0,0],"price":0},
{"id":114,"atypeId":0,"description":"","etypeId":2,"traits":[{"code":22,"dataId":1,"value":0}],"iconIndex":0,"name":"","note":"","params":[0,0,0,0,0,0,0,0],"price":0},
{"id":115,"atypeId":0,"description":"","etypeId":2,"traits":[{"code":22,"dataId":1,"value":0}],"iconIndex":0,"name":"","note":"","params":[0,0,0,0,0,0,0,0],"price":0},
{"id":116,"atypeId":0,"description":"","etypeId":2,"traits":[{"code":22,"dataId":1,"value":0}],"iconIndex":0,"name":"","note":"","params":[0,0,0,0,0,0,0,0],"price":0},
{"id":117,"atypeId":0,"description":"","etypeId":2,"traits":[{"code":22,"dataId":1,"value":0}],"iconIndex":0,"name":"","note":"","params":[0,0,0,0,0,0,0,0],"price":0},
{"id":118,"atypeId":0,"description":"","etypeId":2,"traits":[{"code":22,"dataId":1,"value":0}],"iconIndex":0,"name":"","note":"","params":[0,0,0,0,0,0,0,0],"price":0},
{"id":119,"atypeId":0,"description":"","etypeId":2,"traits":[{"code":22,"dataId":1,"value":0}],"iconIndex":0,"name":"","note":"","params":[0,0,0,0,0,0,0,0],"price":0},
{"id":120,"atypeId":1,"description":"Modesto, semplice, e bulboso. \nVITA +50, l’indossatore guadagna più EXP.","etypeId":2,"traits":[{"code":22,"dataId":1,"value":0},{"code":23,"dataId":9,"value":1.5}],"iconIndex":0,"name":"FERMAGLIO TULIPANO","note":"<IconIndex:76>","params":[50,0,0,0,0,0,0,0],"price":0},
{"id":121,"atypeId":1,"description":"Rappresenta la forza d’animo. \nATT +10, FORTUNA +10, aumenta la PRECISIONE.","etypeId":2,"traits":[{"code":22,"dataId":1,"value":0},{"code":22,"dataId":0,"value":1}],"iconIndex":0,"name":"CERCHIETTO GLADIOLO","note":"<IconIndex:74>","params":[0,0,10,0,0,0,0,10],"price":0},
{"id":122,"atypeId":1,"description":"Una pianta molto robusta e resiliente. \nDIF +15, VITA +15.","etypeId":2,"traits":[{"code":22,"dataId":1,"value":0}],"iconIndex":0,"name":"MOLLETTA CACTUS","note":"<IconIndex:73>\n","params":[15,0,0,15,0,0,0,0],"price":0},
{"id":123,"atypeId":1,"description":"Versatile e universalmente adorata. \nAumenta TUTTE LE STATISTICHE.","etypeId":2,"traits":[{"code":22,"dataId":1,"value":0},{"code":22,"dataId":0,"value":1}],"iconIndex":0,"name":"MOLLETTA ROSA","note":"<IconIndex:75>","params":[15,15,5,5,0,0,5,5],"price":0},
{"id":124,"atypeId":0,"description":"","etypeId":2,"traits":[{"code":22,"dataId":1,"value":0}],"iconIndex":0,"name":"","note":"","params":[0,0,0,0,0,0,0,0],"price":0},
{"id":125,"atypeId":0,"description":"","etypeId":2,"traits":[{"code":22,"dataId":1,"value":0}],"iconIndex":0,"name":"","note":"","params":[0,0,0,0,0,0,0,0],"price":0},
{"id":126,"atypeId":0,"description":"","etypeId":2,"traits":[{"code":22,"dataId":1,"value":0}],"iconIndex":0,"name":"","note":"","params":[0,0,0,0,0,0,0,0],"price":0},
{"id":127,"atypeId":0,"description":"","etypeId":2,"traits":[{"code":22,"dataId":1,"value":0}],"iconIndex":0,"name":"","note":"","params":[0,0,0,0,0,0,0,0],"price":0},
{"id":128,"atypeId":0,"description":"","etypeId":2,"traits":[{"code":22,"dataId":1,"value":0}],"iconIndex":0,"name":"","note":"","params":[0,0,0,0,0,0,0,0],"price":0},
{"id":129,"atypeId":0,"description":"","etypeId":2,"traits":[{"code":22,"dataId":1,"value":0}],"iconIndex":0,"name":"","note":"","params":[0,0,0,0,0,0,0,0],"price":0},
{"id":130,"atypeId":0,"description":"","etypeId":2,"traits":[{"code":22,"dataId":1,"value":0}],"iconIndex":0,"name":"","note":"","params":[0,0,0,0,0,0,0,0],"price":0},
{"id":131,"atypeId":0,"description":"","etypeId":2,"traits":[{"code":22,"dataId":1,"value":0}],"iconIndex":0,"name":"","note":"","params":[0,0,0,0,0,0,0,0],"price":0},
{"id":132,"atypeId":0,"description":"","etypeId":2,"traits":[{"code":22,"dataId":1,"value":0}],"iconIndex":0,"name":"","note":"","params":[0,0,0,0,0,0,0,0],"price":0},
{"id":133,"atypeId":0,"description":"","etypeId":2,"traits":[{"code":22,"dataId":1,"value":0}],"iconIndex":0,"name":"","note":"","params":[0,0,0,0,0,0,0,0],"price":0},
{"id":134,"atypeId":0,"description":"","etypeId":2,"traits":[{"code":22,"dataId":1,"value":0}],"iconIndex":0,"name":"","note":"","params":[0,0,0,0,0,0,0,0],"price":0},
{"id":135,"atypeId":0,"description":"","etypeId":2,"traits":[{"code":22,"dataId":1,"value":0}],"iconIndex":0,"name":"","note":"","params":[0,0,0,0,0,0,0,0],"price":0},
{"id":136,"atypeId":0,"description":"","etypeId":2,"traits":[{"code":22,"dataId":1,"value":0}],"iconIndex":0,"name":"","note":"","params":[0,0,0,0,0,0,0,0],"price":0},
{"id":137,"atypeId":0,"description":"","etypeId":2,"traits":[{"code":22,"dataId":1,"value":0}],"iconIndex":0,"name":"","note":"","params":[0,0,0,0,0,0,0,0],"price":0},
{"id":138,"atypeId":0,"description":"","etypeId":2,"traits":[{"code":22,"dataId":1,"value":0}],"iconIndex":0,"name":"","note":"","params":[0,0,0,0,0,0,0,0],"price":0},
{"id":139,"atypeId":0,"description":"","etypeId":2,"traits":[{"code":22,"dataId":1,"value":0}],"iconIndex":0,"name":"","note":"","params":[0,0,0,0,0,0,0,0],"price":0},
{"id":140,"atypeId":0,"description":"","etypeId":2,"traits":[{"code":22,"dataId":1,"value":0}],"iconIndex":0,"name":"","note":"","params":[0,0,0,0,0,0,0,0],"price":0},
{"id":141,"atypeId":0,"description":"","etypeId":2,"traits":[{"code":22,"dataId":1,"value":0}],"iconIndex":0,"name":"","note":"","params":[0,0,0,0,0,0,0,0],"price":0},
{"id":142,"atypeId":0,"description":"","etypeId":2,"traits":[{"code":22,"dataId":1,"value":0}],"iconIndex":0,"name":"","note":"","params":[0,0,0,0,0,0,0,0],"price":0},
{"id":143,"atypeId":0,"description":"","etypeId":2,"traits":[{"code":22,"dataId":1,"value":0}],"iconIndex":0,"name":"","note":"","params":[0,0,0,0,0,0,0,0],"price":0},
{"id":144,"atypeId":0,"description":"","etypeId":2,"traits":[{"code":22,"dataId":1,"value":0}],"iconIndex":0,"name":"","note":"","params":[0,0,0,0,0,0,0,0],"price":0},
{"id":145,"atypeId":0,"description":"","etypeId":2,"traits":[{"code":22,"dataId":1,"value":0}],"iconIndex":0,"name":"","note":"","params":[0,0,0,0,0,0,0,0],"price":0},
{"id":146,"atypeId":0,"description":"","etypeId":2,"traits":[{"code":22,"dataId":1,"value":0}],"iconIndex":0,"name":"","note":"","params":[0,0,0,0,0,0,0,0],"price":0},
{"id":147,"atypeId":0,"description":"","etypeId":2,"traits":[{"code":22,"dataId":1,"value":0}],"iconIndex":0,"name":"","note":"","params":[0,0,0,0,0,0,0,0],"price":0},
{"id":148,"atypeId":0,"description":"","etypeId":2,"traits":[{"code":22,"dataId":1,"value":0}],"iconIndex":0,"name":"","note":"","params":[0,0,0,0,0,0,0,0],"price":0},
{"id":149,"atypeId":0,"description":"","etypeId":2,"traits":[{"code":22,"dataId":1,"value":0}],"iconIndex":0,"name":"","note":"","params":[0,0,0,0,0,0,0,0],"price":0},
{"id":150,"atypeId":0,"description":"","etypeId":2,"traits":[{"code":22,"dataId":1,"value":0}],"iconIndex":0,"name":"","note":"","params":[0,0,0,0,0,0,0,0],"price":0}
]