[
null,
{"id":1,"expanded":true,"name":"❈ >> DEVELOPER'S ROOM","order":1,"parentId":0,"scrollX":1464,"scrollY":1033.7142857142856,"type":"Name","line":"-"},
{"id":2,"expanded":false,"name":" ❀ > TREASURES","order":2,"parentId":1,"scrollX":811,"scrollY":453,"type":"Name","line":"-"},
{"id":3,"expanded":true,"name":" ❀ > ENCOUNTERS","order":3,"parentId":1,"scrollX":811,"scrollY":461,"type":"Name","line":"-"},
{"id":4,"expanded":true,"name":" ❀ > PUZZLE ROOMS","order":4,"parentId":1,"scrollX":810.6666666666666,"scrollY":842,"type":"Name","line":"-"},
{"id":5,"expanded":false,"name":" -- A","order":5,"parentId":4,"scrollX":811,"scrollY":787,"type":"Name","line":"-"},
{"id":6,"expanded":false,"name":" -- B","order":6,"parentId":4,"scrollX":810.6666666666666,"scrollY":787.3333333333334,"type":"Name","line":"-"},
{"id":7,"expanded":true,"name":" ❀ > ANIMATIONS","order":8,"parentId":1,"scrollX":810,"scrollY":983.5,"type":"Name","line":"-"},
{"id":8,"expanded":false,"name":" -- ANIMATION ROOM [2]","order":9,"parentId":7,"scrollX":809.3333333333334,"scrollY":983.3333333333334,"type":"Name","line":"-"},
{"id":9,"expanded":false,"name":" -- ANIMATION ROOM [3]","order":10,"parentId":7,"scrollX":1426.6666666666667,"scrollY":812.6666666666666,"type":"Name","line":"-"},
{"id":10,"expanded":true,"name":" -- ANIMATION ROOM [4]","order":11,"parentId":7,"scrollX":1508,"scrollY":1354.5,"type":"Name","line":"-"},
{"id":11,"expanded":true,"name":"❈ >> GAME MAPS","order":17,"parentId":0,"scrollX":612,"scrollY":416.6666666666667,"type":"","line":3},
{"id":12,"expanded":true,"name":"-- FARAWAY TOWN (DAY + SUNSET)","order":18,"parentId":11,"scrollX":1138.6666666666667,"scrollY":804},
{"id":13,"expanded":true,"name":" -- PLAYER STREET","order":19,"parentId":12,"scrollX":2345.3333333333335,"scrollY":1716.6666666666667,"type":"Name","line":"-"},
{"id":14,"expanded":true,"name":" -- PLAYER'S HOUSE (DAY)","order":20,"parentId":13,"scrollX":1101.3333333333333,"scrollY":3242,"type":"Name","line":"-"},
{"id":15,"expanded":false,"name":" -- KEL & HERO'S HOUSE (DAY)","order":24,"parentId":13,"scrollX":1878.8571428571427,"scrollY":1472.5714285714284,"type":"Name","line":"-"},
{"id":16,"expanded":false,"name":" -- CRIS'S HOUSE (DAY)","order":26,"parentId":13,"scrollX":2257.2,"scrollY":1105.2,"type":"Name","line":"-"},
{"id":17,"expanded":false,"name":" -- MAVERICK'S HOUSE (DAY)","order":28,"parentId":13,"scrollX":2256,"scrollY":2232.5,"type":"Name","line":"-"},
{"id":18,"expanded":true,"name":" -- PLAYER'S HOUSE (SUNSET)","order":23,"parentId":13,"scrollX":992,"scrollY":3287,"type":"Name","line":"-"},
{"id":19,"expanded":false,"name":" -- KEL & HERO'S HOUSE (SUNSET)","order":25,"parentId":13,"scrollX":2256,"scrollY":2250,"type":"Name","line":"-"},
{"id":20,"expanded":false,"name":" -- CRIS'S HOUSE (SUNSET)","order":27,"parentId":13,"scrollX":2305.3333333333335,"scrollY":2318,"type":"Name","line":"-"},
{"id":21,"expanded":false,"name":" -- MAVERICK'S HOUSE (SUNSET)","order":29,"parentId":13,"scrollX":2256,"scrollY":1720,"type":"Name","line":"-"},
{"id":22,"expanded":true,"name":" -- OTHER STREET","order":30,"parentId":12,"scrollX":1831.5,"scrollY":1936,"type":"Name","line":"-"},
{"id":23,"expanded":false,"name":" -- BRENT'S HOUSE (DAY)","order":31,"parentId":22,"scrollX":884.5,"scrollY":3302,"type":"Name","line":"-"},
{"id":24,"expanded":false,"name":" -- KIM'S HOUSE (DAY)","order":32,"parentId":22,"scrollX":2317.714285714286,"scrollY":2511.428571428571,"type":"Name","line":"-"},
{"id":25,"expanded":false,"name":" -- JOY'S HOUSE (DAY)","order":33,"parentId":22,"scrollX":1004,"scrollY":2148.6666666666665,"type":"Name","line":"-"},
{"id":26,"expanded":false,"name":" -- CHARLIE'S HOUSE (DAY)","order":34,"parentId":22,"scrollX":2316,"scrollY":1342.2857142857142,"type":"Name","line":"-"},
{"id":27,"expanded":false,"name":" -- BRENT'S HOUSE (SUNSET)","order":35,"parentId":22,"scrollX":1113.5,"scrollY":3264,"type":"Name","line":"-"},
{"id":28,"expanded":false,"name":" -- KIM'S HOUSE (SUNSET)","order":36,"parentId":22,"scrollX":2316,"scrollY":1537.7142857142856,"type":"Name","line":"-"},
{"id":29,"expanded":false,"name":" -- JOY'S HOUSE (SUNSET)","order":37,"parentId":22,"scrollX":1014.5999999999999,"scrollY":3020.4,"type":"Name","line":"-"},
{"id":30,"expanded":false,"name":" -- CHARLIE'S HOUSE (SUNSET)","order":38,"parentId":22,"scrollX":2317.714285714286,"scrollY":1674.8571428571427,"type":"Name","line":"-"},
{"id":31,"expanded":true,"name":" -- AUBREY STREET","order":39,"parentId":12,"scrollX":1820,"scrollY":2978,"type":"Name","line":"-"},
{"id":32,"expanded":true,"name":" -- VANCE'S HOUSE (DAY)","order":40,"parentId":31,"scrollX":2318,"scrollY":1584,"type":"Name","line":"-"},
{"id":33,"expanded":false,"name":" -- SHAWN AND KAREN'S HOUSE (DAY)","order":41,"parentId":31,"scrollX":2316,"scrollY":1190,"type":"Name","line":"-"},
{"id":34,"expanded":false,"name":" -- SARAH'S HOUSE (DAY)","order":42,"parentId":31,"scrollX":2317.714285714286,"scrollY":1630.2857142857142,"type":"Name","line":"-"},
{"id":35,"expanded":false,"name":" -- AUBREY'S HOUSE (DAY)","order":43,"parentId":31,"scrollX":2277.3333333333335,"scrollY":1608,"type":"Name","line":"-"},
{"id":36,"expanded":false,"name":" -- VANCE'S HOUSE (SUNSET)","order":44,"parentId":31,"scrollX":2316,"scrollY":1446.8571428571427,"type":"Name","line":"-"},
{"id":37,"expanded":false,"name":" -- SHAWN AND KAREN'S HOUSE (SUNSET)","order":45,"parentId":31,"scrollX":2317.2,"scrollY":1345.2,"type":"Name","line":"-"},
{"id":38,"expanded":false,"name":" -- SARAH'S HOUSE (SUNSET)","order":46,"parentId":31,"scrollX":2317.714285714286,"scrollY":1597.7142857142856,"type":"Name","line":"-"},
{"id":39,"expanded":false,"name":" -- AUBREY'S HOUSE (SUNSET)","order":47,"parentId":31,"scrollX":2316,"scrollY":1585.7142857142856,"type":"Name","line":"-"},
{"id":40,"expanded":true,"name":" -- CHURCH (DAY)","order":48,"parentId":12,"scrollX":811,"scrollY":928,"type":"Name","line":"-"},
{"id":41,"expanded":false,"name":"-- CHURCH INTERIOR (DAY)","order":49,"parentId":40,"scrollX":811,"scrollY":1001,"type":"Name","line":"-"},
{"id":42,"expanded":true,"name":"-- GRAVEYARD (DAY)","order":50,"parentId":40,"scrollX":653.3333333333334,"scrollY":864.6666666666666,"type":"Name","line":"-"},
{"id":43,"expanded":false,"name":"-- CHURCH (SUNSET)","order":51,"parentId":40,"scrollX":811,"scrollY":776,"type":"Name","line":"-"},
{"id":44,"expanded":false,"name":"-- GRAVEYARD (SUNSET)","order":52,"parentId":40,"scrollX":609,"scrollY":484.79999999999995,"type":"Name","line":"-"},
{"id":45,"expanded":true,"name":" -- BASIL STREET","order":85,"parentId":12,"scrollX":1846,"scrollY":3005,"type":"Name","line":"-"},
{"id":46,"expanded":false,"name":" -- BASIL'S HOUSE (DAY)","order":86,"parentId":45,"scrollX":1845.6,"scrollY":2358,"type":"Name","line":"-"},
{"id":47,"expanded":false,"name":" -- JESSE'S HOUSE (DAY)","order":87,"parentId":45,"scrollX":2316,"scrollY":1623.6,"type":"Name","line":"-"},
{"id":48,"expanded":false,"name":" -- BEBE'S HOUSE (DAY)","order":88,"parentId":45,"scrollX":2319.428571428571,"scrollY":1623.4285714285713,"type":"Name","line":"-"},
{"id":49,"expanded":false,"name":" -- ARTIST'S HOUSE (DAY)","order":89,"parentId":45,"scrollX":2302.285714285714,"scrollY":1352.5714285714284,"type":"Name","line":"-"},
{"id":50,"expanded":false,"name":" -- BASIL'S HOUSE (SUNSET)","order":90,"parentId":45,"scrollX":1692,"scrollY":1429.2,"type":"Name","line":"-"},
{"id":51,"expanded":false,"name":" -- JESSE'S HOUSE (SUNSET)","order":91,"parentId":45,"scrollX":2436,"scrollY":1019.9999999999999,"type":"Name","line":"-"},
{"id":52,"expanded":false,"name":" -- BEBE'S HOUSE (SUNSET)","order":92,"parentId":45,"scrollX":2197.714285714286,"scrollY":1868.5714285714284,"type":"Name","line":"-"},
{"id":53,"expanded":false,"name":" -- ARTIST'S HOUSE (SUNSET)","order":93,"parentId":45,"scrollX":2126.1818181818185,"scrollY":1516.3636363636365,"type":"Name","line":"-"},
{"id":54,"expanded":true,"name":" -- PARK + THAT PLACE","order":53,"parentId":12,"scrollX":931.6363636363636,"scrollY":657.8181818181819},
{"id":55,"expanded":false,"name":" -- SHOPPING CENTER (DAY)","order":54,"parentId":54,"scrollX":1192.3636363636365,"scrollY":1206.5454545454545,"type":"Name","line":"-"},
{"id":56,"expanded":false,"name":" -- OTHERMART (DAY)","order":55,"parentId":54,"scrollX":917,"scrollY":1467,"type":"Name","line":"-"},
{"id":57,"expanded":false,"name":" -- GINOS DINER (DAY)","order":56,"parentId":54,"scrollX":811,"scrollY":595,"type":"Name","line":"-"},
{"id":58,"expanded":false,"name":" -- HOBBEEZ (DAY)","order":57,"parentId":54,"scrollX":1192,"scrollY":1206,"type":"Name","line":"-"},
{"id":59,"expanded":false,"name":" -- FIXIT (DAY)","order":58,"parentId":54,"scrollX":653.3333333333334,"scrollY":948.6666666666666,"type":"Name","line":"-"},
{"id":60,"expanded":false,"name":" -- GARDEN FIXIT (DAY)","order":59,"parentId":54,"scrollX":1192,"scrollY":1206,"type":"Name","line":"-"},
{"id":61,"expanded":false,"name":" -- CANDY STORE (DAY)","order":60,"parentId":54,"scrollX":1192,"scrollY":1206,"type":"Name","line":"-"},
{"id":62,"expanded":false,"name":" -- PHARMACY (DAY)","order":61,"parentId":54,"scrollX":819,"scrollY":461,"type":"Name","line":"-"},
{"id":63,"expanded":true,"name":" -- PARK (DAY)","order":62,"parentId":54,"scrollX":724.1999999999999,"scrollY":1509.6,"type":"Name","line":"-"},
{"id":64,"expanded":false,"name":" -- SECRET LAKE (DAY)","order":63,"parentId":63,"scrollX":1508,"scrollY":1132,"type":"Name","line":"-"},
{"id":65,"expanded":false,"name":" -- SHOPPING CENTER (SUNSET)","order":65,"parentId":54,"scrollX":1237.0909090909092,"scrollY":1340.7272727272727,"type":"Name","line":"-"},
{"id":66,"expanded":false,"name":" -- OTHERMART (SUNSET)","order":66,"parentId":54,"scrollX":1508,"scrollY":1065.3333333333333,"type":"Name","line":"-"},
{"id":67,"expanded":false,"name":" -- GINOS DINER (SUNSET)","order":67,"parentId":54,"scrollX":811,"scrollY":595,"type":"Name","line":"-"},
{"id":68,"expanded":false,"name":" -- HOBBEEZ (SUNSET)","order":68,"parentId":54,"scrollX":1605,"scrollY":1279.5,"type":"Name","line":"-"},
{"id":69,"expanded":false,"name":" -- FIXIT (SUNSET)","order":69,"parentId":54,"scrollX":1464,"scrollY":1033.7142857142856,"type":"Name","line":"-"},
{"id":70,"expanded":false,"name":" -- GARDEN FIXIT (SUNSET)","order":70,"parentId":54,"scrollX":1464,"scrollY":1033.7142857142856,"type":"Name","line":"-"},
{"id":71,"expanded":false,"name":" -- CANDY STORE (SUNSET)","order":71,"parentId":54,"scrollX":1464,"scrollY":1033.7142857142856,"type":"Name","line":"-"},
{"id":72,"expanded":false,"name":" -- PHARMACY (SUNSET)","order":72,"parentId":54,"scrollX":664,"scrollY":875.3333333333334,"type":"Name","line":"-"},
{"id":73,"expanded":true,"name":" -- PARK (SUNSET)","order":73,"parentId":54,"scrollX":1508,"scrollY":881.3333333333334,"type":"Name","line":"-"},
{"id":74,"expanded":false,"name":" -- SECRET LAKE (SUNSET)","order":74,"parentId":73,"scrollX":961,"scrollY":1741.5,"type":"Name","line":"-"},
{"id":75,"expanded":true,"name":" -- CROSSROADS (DAY)","order":83,"parentId":12,"scrollX":1176,"scrollY":1338,"type":"Name","line":"-"},
{"id":76,"expanded":false,"name":" -- CROSSROADS (SUNSET)","order":84,"parentId":75,"scrollX":809.5,"scrollY":2087.5,"type":"Name","line":"-"},
{"id":77,"expanded":true,"name":"-- FARAWAY TOWN (NIGHT)","order":94,"parentId":11,"scrollX":1281,"scrollY":904.5},
{"id":78,"expanded":true,"name":" -- PLAYER'S HOME (NIGHT)","order":95,"parentId":77,"scrollX":1247,"scrollY":3281,"type":"Name","line":"-"},
{"id":79,"expanded":false,"name":" -- KEL AND HERO'S HOME (NIGHT)","order":97,"parentId":77,"scrollX":2441.4545454545455,"scrollY":2013.818181818182,"type":"Name","line":"-"},
{"id":80,"expanded":false,"name":" -- BASIL'S HOME (NIGHT)","order":98,"parentId":77,"scrollX":1015.1999999999999,"scrollY":1645.1999999999998,"type":"Name","line":"-"},
{"id":81,"expanded":true,"name":" -- SHOPPING CENTER (NIGHT)","order":99,"parentId":77,"scrollX":1508,"scrollY":1230.6666666666667,"type":"Name","line":"-"},
{"id":82,"expanded":false,"name":" -- HOBBEEZ (NIGHT)","order":100,"parentId":81,"scrollX":1518.6666666666667,"scrollY":854.6666666666666,"type":"Name","line":"-"},
{"id":83,"expanded":true,"name":"-- PARK (NIGHT)","order":101,"parentId":77,"scrollX":1508,"scrollY":1161,"type":"Name","line":"-"},
{"id":84,"expanded":false,"name":" -- SECRET LAKE (NIGHT)","order":102,"parentId":83,"scrollX":809.5,"scrollY":1257.5,"type":"Name","line":"-"},
{"id":85,"expanded":true,"name":" -- CHURCH (NIGHT)","order":104,"parentId":77,"scrollX":811,"scrollY":979,"type":"Name","line":"-"},
{"id":86,"expanded":true,"name":"-- DREAM WORLD","order":105,"parentId":11,"scrollX":1518.6666666666667,"scrollY":854.6666666666666},
{"id":87,"expanded":true,"name":" -- WHITESPACE","order":106,"parentId":86,"scrollX":1508,"scrollY":1272,"type":"Name","line":"-"},
{"id":88,"expanded":true,"name":" -- NEIGHBOUR'S ROOM","order":107,"parentId":86,"scrollX":811,"scrollY":883,"type":"Name","line":"-"},
{"id":89,"expanded":true,"name":" -- STUMP ENTRANCE","order":108,"parentId":86,"scrollX":601.3333333333334,"scrollY":460.6666666666667,"type":"Name","line":"-"},
{"id":90,"expanded":true,"name":" -- NORTH COAST","order":109,"parentId":89,"scrollX":811,"scrollY":1356,"type":"Name","line":"-"},
{"id":91,"expanded":true,"name":" -- NORTH LAKE","order":110,"parentId":90,"scrollX":1464,"scrollY":1033.7142857142856,"type":"Name","line":"-"},
{"id":92,"expanded":false,"name":" -- PARCOGIOCHI DEL BOSCO","order":112,"parentId":89,"scrollX":1021.3333333333334,"scrollY":1372.6666666666667,"type":"Name","line":"-"},
{"id":93,"expanded":true,"name":" -- PINWHEEL FOREST","order":113,"parentId":89,"scrollX":1518.6666666666667,"scrollY":854.6666666666666},
{"id":94,"expanded":true,"name":" -- PINWHEEL FOREST SOUTH","order":114,"parentId":93,"scrollX":2028,"scrollY":1308,"type":"","line":5},
{"id":95,"expanded":true,"name":" -- PATH TO BASIL (I)","order":115,"parentId":94,"scrollX":1346,"scrollY":3003,"type":"Name","line":"-"},
{"id":96,"expanded":true,"name":" -- PATH TO BASIL (II)","order":116,"parentId":94,"scrollX":653.3333333333334,"scrollY":1234,"type":"Name","line":"-"},
{"id":97,"expanded":true,"name":" -- OLD SHOE ENTRANCE","order":117,"parentId":96,"scrollX":1015.1999999999999,"scrollY":860.4,"type":"Name","line":"-"},
{"id":98,"expanded":true,"name":" -- OLD SHOE INTERIOR","order":118,"parentId":97,"scrollX":1024.8,"scrollY":723.6,"type":"Name","line":"-"},
{"id":99,"expanded":true,"name":" -- PINWHEEL FOREST EAST","order":126,"parentId":93,"scrollX":1014.6666666666666,"scrollY":1686,"type":"Name","line":"-"},
{"id":100,"expanded":true,"name":" -- KITE KID","order":130,"parentId":99,"scrollX":694.6666666666666,"scrollY":554,"type":"Name","line":"-"},
{"id":101,"expanded":true,"name":" -- EAST FOREST BRIDGE","order":127,"parentId":99,"scrollX":1518.8571428571427,"scrollY":1019.9999999999999,"type":"Name","line":"-"},
{"id":102,"expanded":false,"name":" -- EAST COAST","order":129,"parentId":99,"scrollX":838.6666666666666,"scrollY":554,"type":"Name","line":"-"},
{"id":103,"expanded":true,"name":" -- PINWHEEL FOREST WEST","order":132,"parentId":93,"scrollX":2169,"scrollY":1287,"type":"Name","line":"-"},
{"id":104,"expanded":false,"name":" -- WEST COAST","order":135,"parentId":103,"scrollX":809.5,"scrollY":503.5,"type":"Name","line":"-"},
{"id":105,"expanded":true,"name":" -- TRAIN STATION WAITING AREA","order":133,"parentId":103,"scrollX":1015.1999999999999,"scrollY":1540.8,"type":"Name","line":"-"},
{"id":106,"expanded":true,"name":" -- ORANGE OASIS","order":136,"parentId":93,"scrollX":1710.6666666666667,"scrollY":3056.6666666666665,"type":"Name","line":"-"},
{"id":107,"expanded":true,"name":" -- DINO'S DIG","order":137,"parentId":106,"scrollX":809.5,"scrollY":991.5,"type":"Name","line":"-"},
{"id":108,"expanded":false,"name":" -- EXCAVATION SITE (GRAINS)","order":138,"parentId":107,"scrollX":1710.6666666666667,"scrollY":2234,"type":"Name","line":"-"},
{"id":109,"expanded":false,"name":" -- EXCAVATION SITE (FRUITS & VEGETABLES)","order":139,"parentId":107,"scrollX":1015.7142857142857,"scrollY":1292.5714285714284,"type":"Name","line":"-"},
{"id":110,"expanded":false,"name":" -- EXCAVATION SITE (MEAT)","order":140,"parentId":107,"scrollX":811,"scrollY":461,"type":"Name","line":"-"},
{"id":111,"expanded":false,"name":" -- RAIN TOWN","order":142,"parentId":106,"scrollX":809.5,"scrollY":1281.5,"type":"Name","line":"-"},
{"id":112,"expanded":true,"name":" -- OASIS INTERIORS","order":143,"parentId":106,"scrollX":1564.5,"scrollY":1508.5,"type":"Name","line":"-"},
{"id":113,"expanded":true,"name":" -- ORANGE JOE'S CLIFF","order":145,"parentId":106,"scrollX":811,"scrollY":979,"type":"Name","line":"-"},
{"id":114,"expanded":true,"name":" -- DOOM ENTRANCE","order":149,"parentId":332,"scrollX":601.3333333333334,"scrollY":714,"type":"Name","line":"-"},
{"id":115,"expanded":false,"name":" -- PALMIE'S HOUSE","order":144,"parentId":112,"scrollX":809.5,"scrollY":1271.5,"type":"Name","line":"-"},
{"id":116,"expanded":false,"name":" -- ARROW CAVE","order":146,"parentId":106,"scrollX":2460.5,"scrollY":5074.5,"type":"Name","line":"-"},
{"id":117,"expanded":true,"name":" -- OTHERWORLD LADDER","order":157,"parentId":89,"scrollX":1384.8,"scrollY":1345.2,"type":"Name","line":"-"},
{"id":118,"expanded":true,"name":" -- CATTAIL FIELD ENTRANCE","order":159,"parentId":117,"scrollX":1464,"scrollY":1033.7142857142856,"type":"Name","line":"-"},
{"id":119,"expanded":true,"name":" -- CATTAIL FIELD","order":160,"parentId":118,"scrollX":1821.3333333333333,"scrollY":1674.6666666666667,"type":"Name","line":"-"},
{"id":120,"expanded":true,"name":" -- SPROUT MOLE COLONY","order":163,"parentId":118,"scrollX":1508,"scrollY":2985.3333333333335,"type":"Name","line":"-"},
{"id":121,"expanded":false,"name":" -- EAST","order":164,"parentId":120,"scrollX":1450.2857142857142,"scrollY":1366.2857142857142,"type":"Name","line":"-"},
{"id":122,"expanded":false,"name":" -- EXCAVATION SITE (DESSERT)","order":141,"parentId":107,"scrollX":728,"scrollY":838,"type":"Name","line":"-"},
{"id":123,"expanded":true,"name":" -- OTHERWORLD LAKE","order":171,"parentId":129,"scrollX":1508,"scrollY":1218.6666666666667,"type":"Name","line":"-"},
{"id":124,"expanded":true,"name":" -- OTHERWORLD CAMPSITE","order":165,"parentId":117,"scrollX":1015.1999999999999,"scrollY":2415.6,"type":"Name","line":"-"},
{"id":125,"expanded":true,"name":" -- OTHERWORLD INTERIORS","order":166,"parentId":124,"scrollX":1385.3333333333333,"scrollY":1562,"type":"Name","line":"-"},
{"id":126,"expanded":true,"name":" -- SPACE BOYFRIEND'S HOUSE","order":167,"parentId":124,"scrollX":1061,"scrollY":855,"type":"Name","line":"-"},
{"id":127,"expanded":true,"name":" -- SOLAR SYSTEM","order":168,"parentId":126,"scrollX":1519,"scrollY":603,"type":"Name","line":"-"},
{"id":128,"expanded":false,"name":" -- JUNKYARD ENTRANCE","order":169,"parentId":126,"scrollX":1464,"scrollY":1033.7142857142856,"type":"Name","line":"-"},
{"id":129,"expanded":true,"name":" -- OUTSKIRTS","order":170,"parentId":117,"scrollX":1926.5454545454547,"scrollY":914.1818181818182,"type":"Name","line":"-"},
{"id":130,"expanded":false,"name":" -- JJ'S TENT","order":176,"parentId":129,"scrollX":1518.6666666666667,"scrollY":854.6666666666666,"type":"Name","line":"-"},
{"id":131,"expanded":true,"name":" -- FROZEN LAKE","order":173,"parentId":123,"scrollX":920,"scrollY":864.6666666666666,"type":"Name","line":"-"},
{"id":132,"expanded":false,"name":" -- IGLOO INTERIOR","order":174,"parentId":131,"scrollX":1450.2857142857142,"scrollY":1215.4285714285713,"type":"Name","line":"-"},
{"id":133,"expanded":true,"name":" -- FROZEN FOREST ENTRANCE","order":188,"parentId":117,"scrollX":811,"scrollY":855,"type":"Name","line":"-"},
{"id":134,"expanded":false,"name":" -- FROZEN FOREST (I)","order":189,"parentId":133,"scrollX":3644,"scrollY":3233,"type":"Name","line":"-"},
{"id":135,"expanded":false,"name":" -- FROZEN FOREST (II)","order":190,"parentId":133,"scrollX":2069,"scrollY":3233,"type":"Name","line":"-"},
{"id":136,"expanded":false,"name":" -- FROZEN FOREST (III)","order":191,"parentId":133,"scrollX":811,"scrollY":835,"type":"Name","line":"-"},
{"id":137,"expanded":false,"name":" -- FROZEN FOREST (IV)","order":192,"parentId":133,"scrollX":869,"scrollY":855,"type":"Name","line":"-"},
{"id":138,"expanded":false,"name":" -- FROZEN FOREST (V)","order":193,"parentId":133,"scrollX":811,"scrollY":855,"type":"Name","line":"-"},
{"id":139,"expanded":false,"name":" -- FROZEN FOREST (VI)","order":194,"parentId":133,"scrollX":811,"scrollY":1459,"type":"Name","line":"-"},
{"id":140,"expanded":false,"name":" -- FROZEN FOREST (VII)","order":195,"parentId":133,"scrollX":1508,"scrollY":2052,"type":"Name","line":"-"},
{"id":141,"expanded":false,"name":" -- FROZEN FOREST (VIII)","order":196,"parentId":133,"scrollX":1109,"scrollY":2052,"type":"Name","line":"-"},
{"id":142,"expanded":true,"name":" -- JUNKYARD (I)","order":177,"parentId":117,"scrollX":1518.6666666666667,"scrollY":854.6666666666666,"type":"Name","line":"-"},
{"id":143,"expanded":true,"name":" -- JUNKYARD (II)","order":178,"parentId":142,"scrollX":1518.6666666666667,"scrollY":854.6666666666666,"type":"Name","line":"-"},
{"id":144,"expanded":false,"name":" -- JUNKYARD (III)","order":179,"parentId":142,"scrollX":1508,"scrollY":1161.3333333333333,"type":"Name","line":"-"},
{"id":145,"expanded":false,"name":" -- JUNKYARD (IV)","order":180,"parentId":142,"scrollX":1508,"scrollY":1329.3333333333333,"type":"Name","line":"-"},
{"id":146,"expanded":true,"name":" -- OTHER-OTHERMART","order":383,"parentId":267,"scrollX":917,"scrollY":1274,"type":"Name","line":"-"},
{"id":147,"expanded":true,"name":" -- JUNKYARD (VI)","order":181,"parentId":142,"scrollX":1508,"scrollY":1929.3333333333333,"type":"Name","line":"-"},
{"id":148,"expanded":true,"name":" -- DESCENT","order":517,"parentId":488,"scrollX":811,"scrollY":1939,"type":"Name","line":"-"},
{"id":149,"expanded":false,"name":" -- JUNKYARD (VIII)","order":182,"parentId":142,"scrollX":1518.6666666666667,"scrollY":854.6666666666666,"type":"Name","line":"-"},
{"id":150,"expanded":false,"name":" -- JUNKYARD (IX)","order":183,"parentId":142,"scrollX":811,"scrollY":1467,"type":"Name","line":"-"},
{"id":151,"expanded":false,"name":" -- JUNKYARD (X)","order":184,"parentId":142,"scrollX":1518.6666666666667,"scrollY":854.6666666666666,"type":"Name","line":"-"},
{"id":152,"expanded":true,"name":" -- PYREFLY FOREST","order":198,"parentId":89,"scrollX":1519,"scrollY":453,"type":"Name","line":"-"},
{"id":153,"expanded":true,"name":" -- PYREFLY I","order":199,"parentId":152,"scrollX":1363,"scrollY":819,"type":"Name","line":"-"},
{"id":154,"expanded":false,"name":" -- PYREFLY II","order":200,"parentId":153,"scrollX":1037,"scrollY":835,"type":"Name","line":"-"},
{"id":155,"expanded":true,"name":" -- PYREFLY SIDE-I","order":204,"parentId":152,"scrollX":811,"scrollY":643,"type":"Name","line":"-"},
{"id":156,"expanded":false,"name":" -- PYREFLY III","order":201,"parentId":153,"scrollX":1037,"scrollY":835,"type":"Name","line":"-"},
{"id":157,"expanded":false,"name":" -- PYREFLY SIDE-II","order":205,"parentId":155,"scrollX":811,"scrollY":643,"type":"Name","line":"-"},
{"id":158,"expanded":false,"name":" -- PYREFLY IV","order":202,"parentId":153,"scrollX":1037,"scrollY":835,"type":"Name","line":"-"},
{"id":159,"expanded":false,"name":" -- PYREFLY SIDE-III","order":206,"parentId":155,"scrollX":811,"scrollY":1034,"type":"Name","line":"-"},
{"id":160,"expanded":false,"name":" -- PYREFLY V","order":203,"parentId":153,"scrollX":1037,"scrollY":835,"type":"Name","line":"-"},
{"id":161,"expanded":true,"name":" -- TO LOST FOREST","order":213,"parentId":152,"scrollX":811,"scrollY":453,"type":"Name","line":"-"},
{"id":162,"expanded":false,"name":" -- LOST FOREST CLEARING","order":221,"parentId":161,"scrollX":1518.6666666666667,"scrollY":881.3333333333334,"type":"Name","line":"-"},
{"id":163,"expanded":false,"name":" -- LOST FOREST END","order":220,"parentId":161,"scrollX":664,"scrollY":875.3333333333334,"type":"Name","line":"-"},
{"id":164,"expanded":true,"name":" -- PYREFLY TO SM TOWN","order":208,"parentId":152,"scrollX":1021,"scrollY":2397,"type":"Name","line":"-"},
{"id":165,"expanded":true,"name":" -- SPROUTMOLE TOWN 1","order":209,"parentId":164,"scrollX":1464,"scrollY":1033.7142857142856,"type":"Name","line":"-"},
{"id":166,"expanded":false,"name":" -- SPROUTMOLE TOWN 2","order":210,"parentId":165,"scrollX":1016,"scrollY":448.5,"type":"Name","line":"-"},
{"id":167,"expanded":false,"name":" -- SPROUTMOLE TOWN 3","order":211,"parentId":165,"scrollX":1281,"scrollY":904.5,"type":"Name","line":"-"},
{"id":168,"expanded":true,"name":" -- THEATER","order":227,"parentId":173,"scrollX":1508,"scrollY":854.6666666666666,"type":"Name","line":"-"},
{"id":169,"expanded":true,"name":" -- GARDEN","order":236,"parentId":171,"scrollX":1637,"scrollY":2427,"type":"Name","line":"-"},
{"id":170,"expanded":false,"name":" -- UNDERGROUND PASSAGE","order":240,"parentId":182,"scrollX":1708,"scrollY":1206,"type":"Name","line":"-"},
{"id":171,"expanded":true,"name":" -- SWEETHEART'S CASTLE STAGE","order":222,"parentId":89,"scrollX":2451,"scrollY":448.5,"type":"Name","line":"-"},
{"id":172,"expanded":true,"name":" -- FOYER","order":223,"parentId":171,"scrollX":1802,"scrollY":1202,"type":"Name","line":"-"},
{"id":173,"expanded":true,"name":" -- LEFT HALL","order":224,"parentId":172,"scrollX":1464,"scrollY":1033.7142857142856,"type":"Name","line":"-"},
{"id":174,"expanded":false,"name":" -- ELEVATOR","order":233,"parentId":181,"scrollX":1464,"scrollY":1033.7142857142856,"type":"Name","line":"-"},
{"id":175,"expanded":false,"name":" -- ART GALLERY","order":226,"parentId":173,"scrollX":1508,"scrollY":854.6666666666666,"type":"Name","line":"-"},
{"id":176,"expanded":false,"name":" -- LIBRARY (GUEST LIST)","order":225,"parentId":173,"scrollX":1450.2857142857142,"scrollY":1040.5714285714284,"type":"Name","line":"-"},
{"id":177,"expanded":true,"name":" -- RIGHT HALL","order":228,"parentId":172,"scrollX":1518.6666666666667,"scrollY":854.6666666666666,"type":"Name","line":"-"},
{"id":178,"expanded":false,"name":" -- BALLROOM (CHOIR TOMATO)","order":229,"parentId":177,"scrollX":774,"scrollY":1113,"type":"Name","line":"-"},
{"id":179,"expanded":true,"name":" -- KITCHEN","order":230,"parentId":172,"scrollX":811,"scrollY":931,"type":"Name","line":"-"},
{"id":180,"expanded":false,"name":" -- SERVANT'S QUARTER","order":231,"parentId":179,"scrollX":811,"scrollY":1219,"type":"Name","line":"-"},
{"id":181,"expanded":true,"name":" -- PATH TO BEDROOM","order":232,"parentId":172,"scrollX":1015.1999999999999,"scrollY":1388.3999999999999,"type":"Name","line":"-"},
{"id":182,"expanded":true,"name":" -- SWEETHEART DUNGEON 1","order":239,"parentId":171,"scrollX":1708,"scrollY":1206,"type":"Name","line":"-"},
{"id":183,"expanded":true,"name":" -- UNDERGROUND DUNGEON","order":241,"parentId":182,"scrollX":1708,"scrollY":1206,"type":"Name","line":"-"},
{"id":184,"expanded":false,"name":" -- TORTURE ROOM","order":242,"parentId":183,"scrollX":1708,"scrollY":1206,"type":"Name","line":"-"},
{"id":185,"expanded":true,"name":" -- FANMAIL GRAVEYARD","order":237,"parentId":169,"scrollX":1637,"scrollY":1947,"type":"Name","line":"-"},
{"id":186,"expanded":false,"name":" -- BEDROOM","order":234,"parentId":181,"scrollX":1708,"scrollY":1206,"type":"Name","line":"-"},
{"id":187,"expanded":true,"name":" -- HIDDEN LIBRARY","order":245,"parentId":171,"scrollX":1450.2857142857142,"scrollY":2830.285714285714,"type":"Name","line":"-"},
{"id":188,"expanded":true,"name":" -- NORTH LAKE → DEEP WELL","order":251,"parentId":86,"scrollX":1518.6666666666667,"scrollY":854.6666666666666},
{"id":189,"expanded":false,"name":" -- DEEP WELL LADDER","order":260,"parentId":190,"scrollX":1282.909090909091,"scrollY":1315.6363636363637,"type":"Name","line":"-"},
{"id":190,"expanded":true,"name":" -- DEEP WELL ENTRANCE","order":259,"parentId":188,"scrollX":1464,"scrollY":1033.7142857142856,"type":"Name","line":"-"},
{"id":191,"expanded":true,"name":" -- LAST RESORT","order":274,"parentId":211,"scrollX":1508,"scrollY":881.3333333333334,"type":"Name","line":"-"},
{"id":192,"expanded":true,"name":" -- HALLWAY","order":276,"parentId":194,"scrollX":3269,"scrollY":4111.5,"type":"Name","line":"-"},
{"id":193,"expanded":false,"name":" -- HOTEL ROOMS","order":277,"parentId":192,"scrollX":1564,"scrollY":2393.3333333333335,"type":"Name","line":"-"},
{"id":194,"expanded":true,"name":" -- CASINO","order":275,"parentId":191,"scrollX":1808,"scrollY":608.5,"type":"Name","line":"-"},
{"id":195,"expanded":true,"name":" -- MANAGER/CONCIERGE","order":278,"parentId":194,"scrollX":811,"scrollY":1651,"type":"Name","line":"-"},
{"id":196,"expanded":false,"name":" -- JAWSUM OFFICE AND BREAK","order":280,"parentId":195,"scrollX":724.6666666666666,"scrollY":748.6666666666666,"type":"Name","line":"-"},
{"id":197,"expanded":false,"name":" -- CONSTRUCTION","order":282,"parentId":194,"scrollX":1877,"scrollY":1935,"type":"Name","line":"-"},
{"id":198,"expanded":false,"name":" -- GHOST PARTY","order":283,"parentId":191,"scrollX":811,"scrollY":1267,"type":"Name","line":"-"},
{"id":199,"expanded":true,"name":" -- SEACOW FARM","order":264,"parentId":203,"scrollX":1464,"scrollY":1033.7142857142856,"type":"Name","line":"-"},
{"id":200,"expanded":false,"name":" -- SEACOW BARN","order":265,"parentId":199,"scrollX":817.5,"scrollY":909,"type":"Name","line":"-"},
{"id":201,"expanded":true,"name":" -- ENTRANCE TO ABYSS","order":328,"parentId":211,"scrollX":811,"scrollY":881,"type":"Name","line":"-"},
{"id":202,"expanded":false,"name":" -- LAST RESORT ELEVATOR","order":281,"parentId":194,"scrollX":1518.6666666666667,"scrollY":881.3333333333334,"type":"Name","line":"-"},
{"id":203,"expanded":true,"name":" -- UNDERWATER HIGHWAY","order":263,"parentId":211,"scrollX":811,"scrollY":747,"type":"Name","line":"-"},
{"id":204,"expanded":true,"name":" -- CONSTRUCTION","order":269,"parentId":203,"scrollX":811,"scrollY":453,"type":"Name","line":"-"},
{"id":205,"expanded":true,"name":" -- PUZZLE CAVE","order":270,"parentId":204,"scrollX":1508,"scrollY":1316,"type":"Name","line":"-"},
{"id":206,"expanded":false,"name":" -- BROKEN BRIDGE","order":273,"parentId":204,"scrollX":1508,"scrollY":854.6666666666666,"type":"Name","line":"-"},
{"id":207,"expanded":false,"name":" -- PEARL CAVE","order":272,"parentId":204,"scrollX":1518.6666666666667,"scrollY":854.6666666666666,"type":"Name","line":"-"},
{"id":208,"expanded":true,"name":" -- NORTHLAKE CURRENT","order":256,"parentId":188,"scrollX":1863.2727272727273,"scrollY":1315.6363636363637,"type":"Name","line":"-"},
{"id":209,"expanded":false,"name":" -- MAIN PIER","order":258,"parentId":188,"scrollX":1957.0909090909092,"scrollY":1311.2727272727273,"type":"Name","line":"-"},
{"id":210,"expanded":false,"name":" -- WHIRLPOOLS 1","order":287,"parentId":495,"scrollX":2092,"scrollY":2086.6666666666665,"type":"Name","line":"-"},
{"id":211,"expanded":true,"name":" -- UNDERWATER HIGHWAY","order":262,"parentId":86,"scrollX":811,"scrollY":1939,"type":"Name","line":"-"},
{"id":212,"expanded":false,"name":" -- TRENCH","order":289,"parentId":215,"scrollX":784,"scrollY":2086.6666666666665,"type":"Name","line":"-"},
{"id":213,"expanded":true,"name":" -- PHOTO FRAME","order":162,"parentId":329,"scrollX":601.3333333333334,"scrollY":2128.6666666666665,"type":"Name","line":"-"},
{"id":214,"expanded":false,"name":" -- PITSTOP INTERIOR","order":261,"parentId":190,"scrollX":664,"scrollY":848.6666666666666,"type":"Name","line":"-"},
{"id":215,"expanded":true,"name":" -- PATH TO TRENCH","order":284,"parentId":211,"scrollX":811,"scrollY":2060,"type":"Name","line":"-"},
{"id":216,"expanded":true,"name":" -- HUMPHREY'S CAVE","order":290,"parentId":215,"scrollX":1508,"scrollY":881.3333333333334,"type":"Name","line":"-"},
{"id":217,"expanded":true,"name":" -- SLIME GIRL'S LAIR","order":292,"parentId":211,"scrollX":1518.6666666666667,"scrollY":881.3333333333334,"type":"Name","line":"-"},
{"id":218,"expanded":false,"name":" -- HUMPHREY'S UVULA","order":324,"parentId":249,"scrollX":1518.6666666666667,"scrollY":881.3333333333334,"type":"Name","line":"-"},
{"id":219,"expanded":false,"name":" -- SLIME GIRL ENTRANCE","order":293,"parentId":217,"scrollX":1518.6666666666667,"scrollY":881.3333333333334,"type":"Name","line":"-"},
{"id":220,"expanded":true,"name":" -- MARINA HALLWAY","order":294,"parentId":217,"scrollX":811,"scrollY":1484,"type":"Name","line":"-"},
{"id":221,"expanded":false,"name":" -- MARINA ROOM 1","order":295,"parentId":220,"scrollX":1508,"scrollY":942.6666666666666,"type":"Name","line":"-"},
{"id":222,"expanded":false,"name":" -- MARINA ROOM 2","order":296,"parentId":220,"scrollX":1518.6666666666667,"scrollY":881.3333333333334,"type":"Name","line":"-"},
{"id":223,"expanded":false,"name":" -- MARINA ROOM 3","order":297,"parentId":220,"scrollX":1500,"scrollY":1484,"type":"Name","line":"-"},
{"id":224,"expanded":false,"name":" -- MARINA ROOM 4","order":298,"parentId":220,"scrollX":1508,"scrollY":942.6666666666666,"type":"Name","line":"-"},
{"id":225,"expanded":false,"name":" -- MARINA MAZE","order":299,"parentId":220,"scrollX":1508,"scrollY":881.3333333333334,"type":"Name","line":"-"},
{"id":226,"expanded":false,"name":" -- MARINA HALL TO BOSS","order":300,"parentId":220,"scrollX":1518.6666666666667,"scrollY":881.3333333333334,"type":"Name","line":"-"},
{"id":227,"expanded":false,"name":" -- MARINA BOSS ROOM","order":301,"parentId":220,"scrollX":1518.6666666666667,"scrollY":881.3333333333334,"type":"Name","line":"-"},
{"id":228,"expanded":true,"name":" -- MEDUSA RIVER 1","order":302,"parentId":217,"scrollX":1518.6666666666667,"scrollY":870.6666666666666,"type":"Name","line":"-"},
{"id":229,"expanded":false,"name":" -- MEDUSA RIVER 4","order":307,"parentId":228,"scrollX":1518.6666666666667,"scrollY":881.3333333333334,"type":"Name","line":"-"},
{"id":230,"expanded":false,"name":" -- MEDUSA WATER SLIDE","order":308,"parentId":228,"scrollX":1508,"scrollY":1332,"type":"Name","line":"-"},
{"id":231,"expanded":false,"name":" -- MEDUSA ROOM TO BOSS","order":309,"parentId":228,"scrollX":1508,"scrollY":1164,"type":"Name","line":"-"},
{"id":232,"expanded":false,"name":" -- MEDUSA RIVER 2","order":305,"parentId":228,"scrollX":1508,"scrollY":1012,"type":"Name","line":"-"},
{"id":233,"expanded":false,"name":" -- MEDUSA RIVER 3","order":306,"parentId":228,"scrollX":1508,"scrollY":1518.6666666666667,"type":"Name","line":"-"},
{"id":234,"expanded":false,"name":" -- MEDUSA BOSS ROOM","order":310,"parentId":228,"scrollX":1518.6666666666667,"scrollY":881.3333333333334,"type":"Name","line":"-"},
{"id":235,"expanded":true,"name":" -- MOLLY ENTRANCE","order":311,"parentId":217,"scrollX":1518.6666666666667,"scrollY":881.3333333333334,"type":"Name","line":"-"},
{"id":236,"expanded":false,"name":" -- MOLLY MAIN ROOM","order":312,"parentId":235,"scrollX":1508,"scrollY":881.3333333333334,"type":"Name","line":"-"},
{"id":237,"expanded":true,"name":" -- MOLLY ROOM RIGHT 1","order":315,"parentId":235,"scrollX":811,"scrollY":461,"type":"Name","line":"-"},
{"id":238,"expanded":false,"name":" -- MOLLY ROOM RIGHT 2","order":316,"parentId":237,"scrollX":1519,"scrollY":871,"type":"Name","line":"-"},
{"id":239,"expanded":true,"name":" -- MOLLY ROOM LEFT 1","order":313,"parentId":235,"scrollX":1518.6666666666667,"scrollY":881.3333333333334,"type":"Name","line":"-"},
{"id":240,"expanded":false,"name":" -- MOLLY ROOM LEFT 2","order":314,"parentId":239,"scrollX":1518.6666666666667,"scrollY":881.3333333333334,"type":"Name","line":"-"},
{"id":241,"expanded":true,"name":" -- MOLLY LOST ROOM 1","order":317,"parentId":235,"scrollX":1518.6666666666667,"scrollY":881.3333333333334,"type":"Name","line":"-"},
{"id":242,"expanded":false,"name":" -- BOSH RUSH BATTLE ROOM","order":327,"parentId":513,"scrollX":680.6666666666666,"scrollY":738,"type":"Name","line":"-"},
{"id":243,"expanded":false,"name":" -- MOLLY LOST ROOM 3","order":318,"parentId":241,"scrollX":1493.142857142857,"scrollY":1044.857142857143,"type":"Name","line":"-"},
{"id":244,"expanded":false,"name":" -- BOSS RUSH LOBBY","order":326,"parentId":513,"scrollX":1208,"scrollY":864.6666666666666,"type":"Name","line":"-"},
{"id":245,"expanded":false,"name":" -- MOLLY LOST ROOM 5","order":319,"parentId":241,"scrollX":819,"scrollY":461,"type":"Name","line":"-"},
{"id":246,"expanded":false,"name":" -- MOLLY LOST ROOM 6","order":320,"parentId":241,"scrollX":1464,"scrollY":1033.7142857142856},
{"id":247,"expanded":false,"name":" -- MOLLY LOST ROOM 7","order":321,"parentId":241,"scrollX":1518.6666666666667,"scrollY":881.3333333333334,"type":"Name","line":"-"},
{"id":248,"expanded":false,"name":" -- MOLLY BOSS ROOM","order":322,"parentId":235,"scrollX":872,"scrollY":864.6666666666666,"type":"Name","line":"-"},
{"id":249,"expanded":true,"name":" -- HUMPHREY BOSS ROOM","order":323,"parentId":217,"scrollX":724.1999999999999,"scrollY":3312,"type":"Name","line":"-"},
{"id":250,"expanded":true,"name":" -- MEDUSA MAZE 1","order":303,"parentId":228,"scrollX":1582.6666666666667,"scrollY":1878.6666666666667,"type":"Name","line":"-"},
{"id":251,"expanded":false,"name":" -- MEDUSA MAZE 2","order":304,"parentId":250,"scrollX":1508,"scrollY":1118.6666666666667,"type":"Name","line":"-"},
{"id":252,"expanded":false,"name":" -- JAWSUM'S ELEVATOR","order":279,"parentId":195,"scrollX":811,"scrollY":835,"type":"Name","line":"-"},
{"id":253,"expanded":true,"name":" -- THE ABYSS","order":329,"parentId":201,"scrollX":1508,"scrollY":1038.6666666666667,"type":"Name","line":"-"},
{"id":254,"expanded":false,"name":" -- ABYSS LOWER 1","order":330,"parentId":253,"scrollX":1896,"scrollY":1215.2727272727273,"type":"Name","line":"-"},
{"id":255,"expanded":false,"name":" -- ABYSS LOWER 2","order":331,"parentId":253,"scrollX":1508,"scrollY":1045.3333333333333,"type":"Name","line":"-"},
{"id":256,"expanded":false,"name":" -- ABYSS LOWER 3","order":332,"parentId":253,"scrollX":1508,"scrollY":1065.3333333333333,"type":"Name","line":"-"},
{"id":257,"expanded":true,"name":" -- ABYSS LOWER 4","order":333,"parentId":253,"scrollX":1508,"scrollY":1737.3333333333333,"type":"Name","line":"-"},
{"id":258,"expanded":false,"name":" -- ABYSS FINAL","order":334,"parentId":253,"scrollX":1870,"scrollY":747,"type":"Name","line":"-"},
{"id":259,"expanded":true,"name":" -- MAP OF TRUTH","order":291,"parentId":216,"scrollX":653.3333333333334,"scrollY":875.3333333333334,"type":"Name","line":"-"},
{"id":260,"expanded":false,"name":" -- FISHBOY'S CAVE","order":267,"parentId":203,"scrollX":1518.6666666666667,"scrollY":854.6666666666666,"type":"Name","line":"-"},
{"id":261,"expanded":false,"name":" -- MUSIC 'O' CLAM CAVE","order":271,"parentId":205,"scrollX":1518.6666666666667,"scrollY":854.6666666666666,"type":"Name","line":"-"},
{"id":262,"expanded":true,"name":"-- BLACKSPACE","order":335,"parentId":11,"scrollX":819,"scrollY":461},
{"id":263,"expanded":true,"name":" -- BLACKSPACE FOREST","order":336,"parentId":262,"scrollX":819,"scrollY":461},
{"id":264,"expanded":true,"name":" -- BLACKSPACE ENTRANCE","order":341,"parentId":263,"scrollX":2069,"scrollY":1296,"type":"Name","line":"-"},
{"id":265,"expanded":true,"name":" -- LOOPING BLACK FIELD","order":337,"parentId":263,"scrollX":3292,"scrollY":1058,"type":"Name","line":"-"},
{"id":266,"expanded":true,"name":" -- HUB: LOST FOREST 1","order":342,"parentId":263,"scrollX":3292,"scrollY":3903,"type":"Name","line":"-"},
{"id":267,"expanded":true,"name":" -- HUB: LOST FOREST 2 (WATER)","order":357,"parentId":263,"scrollX":1098,"scrollY":2144,"type":"Name","line":"-"},
{"id":268,"expanded":true,"name":" -- TREEHOUSE IN THE LAKE","order":384,"parentId":267,"scrollX":2069.3333333333335,"scrollY":2015.3333333333333,"type":"Name","line":"-"},
{"id":269,"expanded":false,"name":" -- BASIL'S RESPITE","order":418,"parentId":299,"scrollX":811,"scrollY":1162,"type":"Name","line":"-"},
{"id":270,"expanded":true,"name":" -- LOOPING FOREST","order":349,"parentId":266,"scrollX":3989,"scrollY":1131,"type":"Name","line":"-"},
{"id":271,"expanded":true,"name":" -- HEADS LOOKING UP","order":352,"parentId":270,"scrollX":811,"scrollY":699,"type":"Name","line":"-"},
{"id":272,"expanded":true,"name":" -- SHRINKING ROOM","order":350,"parentId":270,"scrollX":811,"scrollY":1075,"type":"Name","line":"-"},
{"id":273,"expanded":false,"name":" -- VERY SMALL ROOM","order":351,"parentId":272,"scrollX":811,"scrollY":883,"type":"Name","line":"-"},
{"id":274,"expanded":true,"name":" -- HAUNTED TREES HANGING MAZE","order":368,"parentId":412,"scrollX":811,"scrollY":865,"type":"Name","line":"-"},
{"id":275,"expanded":true,"name":" -- SMALL ROOM WITH A LADDER","order":369,"parentId":274,"scrollX":1589,"scrollY":1947,"type":"Name","line":"-"},
{"id":276,"expanded":false,"name":" -- ROOM WITH HELL MARI","order":370,"parentId":275,"scrollX":819,"scrollY":461,"type":"Name","line":"-"},
{"id":277,"expanded":false,"name":" -- FUNNY HOUSE","order":338,"parentId":265,"scrollX":1589,"scrollY":1058,"type":"Name","line":"-"},
{"id":278,"expanded":false,"name":" -- WINDOW HALLWAY","order":339,"parentId":265,"scrollX":1582.909090909091,"scrollY":447.27272727272725,"type":"Name","line":"-"},
{"id":279,"expanded":false,"name":" -- ROOM WITH SELF","order":340,"parentId":265,"scrollX":819,"scrollY":461,"type":"Name","line":"-"},
{"id":280,"expanded":false,"name":" -- RIB CAGE LOOPING MAP","order":345,"parentId":266,"scrollX":2332,"scrollY":2997,"type":"Name","line":"-"},
{"id":281,"expanded":false,"name":" -- LIL BASIL FOREST CLEARING","order":346,"parentId":266,"scrollX":811,"scrollY":1363,"type":"Name","line":"-"},
{"id":282,"expanded":false,"name":" -- ENDLESS MINECART","order":347,"parentId":266,"scrollX":811,"scrollY":691,"type":"Name","line":"-"},
{"id":283,"expanded":true,"name":" -- PLAYGROUND","order":343,"parentId":266,"scrollX":1414.6666666666667,"scrollY":1802,"type":"Name","line":"-"},
{"id":284,"expanded":true,"name":" -- CLOUD WALKWAY","order":363,"parentId":267,"scrollX":2163,"scrollY":2983,"type":"Name","line":"-"},
{"id":285,"expanded":false,"name":" -- BEHIND THE WATERFALL","order":364,"parentId":284,"scrollX":811,"scrollY":1075,"type":"Name","line":"-"},
{"id":286,"expanded":false,"name":" -- BEHIND THE DOOR 2D","order":348,"parentId":266,"scrollX":811,"scrollY":699,"type":"Name","line":"-"},
{"id":287,"expanded":true,"name":" -- SMALL REPEATING ROOM","order":358,"parentId":267,"scrollX":811,"scrollY":883,"type":"Name","line":"-"},
{"id":288,"expanded":false,"name":" -- HIDEOUS CREATURE ROOM","order":359,"parentId":287,"scrollX":917,"scrollY":613,"type":"Name","line":"-"},
{"id":289,"expanded":true,"name":" -- ENDLESS WELL","order":378,"parentId":502,"scrollX":811,"scrollY":2129,"type":"Name","line":"-"},
{"id":290,"expanded":false,"name":" -- TWO BEDS","order":379,"parentId":289,"scrollX":601.3333333333334,"scrollY":416.6666666666667,"type":"Name","line":"-"},
{"id":291,"expanded":false,"name":" -- IM SORRY","order":380,"parentId":289,"scrollX":1493,"scrollY":1274,"type":"Name","line":"-"},
{"id":292,"expanded":false,"name":" -- REMINA","order":360,"parentId":267,"scrollX":811,"scrollY":613,"type":"Name","line":"-"},
{"id":293,"expanded":false,"name":" -- DARK PATH","order":385,"parentId":268,"scrollX":601.3333333333334,"scrollY":1219.3333333333333,"type":"Name","line":"-"},
{"id":294,"expanded":false,"name":" -- BASIL SOMETHING","order":386,"parentId":268,"scrollX":1109.3333333333333,"scrollY":1219.3333333333333,"type":"Name","line":"-"},
{"id":295,"expanded":true,"name":" -- SHALLOW SEA","order":361,"parentId":267,"scrollX":811,"scrollY":1075,"type":"Name","line":"-"},
{"id":296,"expanded":true,"name":" -- PLAYER ROOM WITH HELL MARI","order":387,"parentId":263,"scrollX":934.6666666666666,"scrollY":847.3333333333334,"type":"Name","line":"-"},
{"id":297,"expanded":false,"name":" -- DEV ROOM","order":353,"parentId":271,"scrollX":1109,"scrollY":1467,"type":"Name","line":"-"},
{"id":298,"expanded":false,"name":" -- FACES OF OMORI","order":371,"parentId":274,"scrollX":1492,"scrollY":1551,"type":"Name","line":"-"},
{"id":299,"expanded":true,"name":" -- STUMP AREA","order":417,"parentId":262,"scrollX":819,"scrollY":461},
{"id":300,"expanded":true,"name":" -- STUMP AREA","order":419,"parentId":299,"scrollX":1508,"scrollY":2026,"type":"Name","line":"-"},
{"id":301,"expanded":false,"name":" -- WATERMELON STUMP","order":397,"parentId":458,"scrollX":1109.3333333333333,"scrollY":1467.3333333333333,"type":"Name","line":"-"},
{"id":302,"expanded":false,"name":" -- SPIDER STUMP","order":420,"parentId":300,"scrollX":1678,"scrollY":2027,"type":"Name","line":"-"},
{"id":303,"expanded":false,"name":" -- ELEVATOR STUMP","order":399,"parentId":460,"scrollX":811,"scrollY":1075,"type":"Name","line":"-"},
{"id":304,"expanded":true,"name":" -- RAFT STUMP","order":402,"parentId":463,"scrollX":1677,"scrollY":1227,"type":"Name","line":"-"},
{"id":305,"expanded":false,"name":" -- FRIENDS STUMP","order":421,"parentId":300,"scrollX":811,"scrollY":2827,"type":"Name","line":"-"},
{"id":306,"expanded":true,"name":" -- RED SPACE (UNUSED)","order":422,"parentId":299,"scrollX":811,"scrollY":3130,"type":"Name","line":"-"},
{"id":307,"expanded":true,"name":" -- BASIL MEMORIES","order":424,"parentId":262,"scrollX":819,"scrollY":461},
{"id":308,"expanded":false,"name":" -- WHITE SPACE","order":425,"parentId":307,"scrollX":819,"scrollY":461,"type":"","line":19},
{"id":309,"expanded":false,"name":" -- SOMETHING BATTLE STAGE","order":455,"parentId":388,"scrollX":819,"scrollY":461,"type":"Name","line":"-"},
{"id":310,"expanded":false,"name":" -- BASIL'S MEADOW","order":426,"parentId":307,"scrollX":811,"scrollY":1034,"type":"Name","line":"-"},
{"id":311,"expanded":false,"name":" -- PLAYERS LIVING ROOM","order":427,"parentId":307,"scrollX":811,"scrollY":739,"type":"Name","line":"-"},
{"id":312,"expanded":false,"name":" -- HOSPITAL","order":428,"parentId":307,"scrollX":917,"scrollY":844,"type":"Name","line":"-"},
{"id":313,"expanded":false,"name":" -- LONG STAIRCASE","order":429,"parentId":307,"scrollX":811,"scrollY":844,"type":"Name","line":"-"},
{"id":314,"expanded":false,"name":" -- PLAYERS ROOM","order":430,"parentId":307,"scrollX":811,"scrollY":835,"type":"Name","line":"-"},
{"id":315,"expanded":false,"name":" -- RECITAL BACKSTAGE","order":431,"parentId":307,"scrollX":811,"scrollY":905,"type":"Name","line":"-"},
{"id":316,"expanded":true,"name":" -- INSTRUMENT ROOM","order":432,"parentId":307,"scrollX":1109,"scrollY":1066,"type":"Name","line":"-"},
{"id":317,"expanded":false,"name":" -- LAMP ROOM","order":433,"parentId":307,"scrollX":1493,"scrollY":855,"type":"Name","line":"-"},
{"id":318,"expanded":false,"name":" -- GATES TO THE TREE","order":434,"parentId":307,"scrollX":811,"scrollY":855,"type":"Name","line":"-"},
{"id":319,"expanded":true,"name":" -- CROSSROADS","order":435,"parentId":262,"scrollX":819,"scrollY":461},
{"id":320,"expanded":false,"name":" -- CROSSROADS (NIGHT)","order":103,"parentId":77,"scrollX":809.5,"scrollY":1920.5,"type":"Name","line":"-"},
{"id":321,"expanded":true,"name":"-- HALLUCINATION MAPS","order":458,"parentId":11,"scrollX":819,"scrollY":461},
{"id":322,"expanded":false,"name":"-- FEAR OF HEIGHTS","order":462,"parentId":321,"scrollX":811,"scrollY":2975,"type":"Name","line":"-"},
{"id":323,"expanded":false,"name":"-- FEAR OF SPIDERS","order":461,"parentId":321,"scrollX":2572,"scrollY":2975,"type":"Name","line":"-"},
{"id":324,"expanded":false,"name":"-- FEAR OF DROWNING","order":460,"parentId":321,"scrollX":811,"scrollY":2179,"type":"Name","line":"-"},
{"id":325,"expanded":false,"name":" -- OTHERWORLD LADDER II","order":158,"parentId":117,"scrollX":790.6666666666666,"scrollY":555.3333333333334,"type":"Name","line":"-"},
{"id":326,"expanded":false,"name":" -- VAST FOREST PIER","order":128,"parentId":99,"scrollX":1508,"scrollY":1065.3333333333333,"type":"Name","line":"-"},
{"id":327,"expanded":true,"name":" -- TRAIN STATION TRAIN","order":134,"parentId":105,"scrollX":1518.6666666666667,"scrollY":854.6666666666666,"type":"Name","line":"-"},
{"id":328,"expanded":true,"name":"-- TRAIN INTERIOR (MOVE)","order":155,"parentId":333,"scrollX":601.3333333333334,"scrollY":602,"type":"Name","line":"-"},
{"id":329,"expanded":true,"name":" -- CATTAIL BARN","order":161,"parentId":118,"scrollX":601.3333333333334,"scrollY":1130,"type":"Name","line":"-"},
{"id":330,"expanded":false,"name":" -- NORTH LAKE (ALT)","order":111,"parentId":90,"scrollX":1518.6666666666667,"scrollY":854.6666666666666,"type":"Name","line":"-"},
{"id":331,"expanded":false,"name":" -- PATH TO FROZEN LAKE","order":172,"parentId":123,"scrollX":664,"scrollY":875.3333333333334,"type":"Name","line":"-"},
{"id":332,"expanded":true,"name":" -- PATH TO TOAST GRAVE","order":147,"parentId":106,"scrollX":1025.3333333333333,"scrollY":714,"type":"Name","line":"-"},
{"id":333,"expanded":true,"name":" -- TRAIN STATION","order":154,"parentId":106,"scrollX":833.5,"scrollY":481.5,"type":"Name","line":"-"},
{"id":334,"expanded":false,"name":" -- TOAST GRAVE","order":148,"parentId":332,"scrollX":601.3333333333334,"scrollY":783.3333333333334,"type":"Name","line":"-"},
{"id":335,"expanded":false,"name":" -- SPROUTMOLE TOWN 4","order":212,"parentId":165,"scrollX":1518.6666666666667,"scrollY":854.6666666666666,"type":"Name","line":"-"},
{"id":336,"expanded":true,"name":" -- PYREFLY TO SWEETHEART","order":207,"parentId":152,"scrollX":893,"scrollY":2007,"type":"Name","line":"-"},
{"id":337,"expanded":false,"name":" SIDE QUEST NPCS","order":15,"parentId":1,"scrollX":2500,"scrollY":1300,"type":"Name","line":"-"},
{"id":338,"expanded":false,"name":" -- CURRENT MAP","order":257,"parentId":208,"scrollX":2317.3333333333335,"scrollY":1076,"type":"Name","line":"-"},
{"id":339,"expanded":true,"name":" -- MAIN CURRENTS","order":252,"parentId":188,"scrollX":1508,"scrollY":2440,"type":"Name","line":"-"},
{"id":340,"expanded":false,"name":" -- HIDDEN LIBRARY PIANO","order":246,"parentId":187,"scrollX":1708,"scrollY":1206,"type":"Name","line":"-"},
{"id":341,"expanded":false,"name":" -- RECYCULTIST HQ","order":64,"parentId":63,"scrollX":1846,"scrollY":2542,"type":"Name","line":"-"},
{"id":342,"expanded":false,"name":" -- ROLLING STONE MAP","order":151,"parentId":114,"scrollX":1015.1999999999999,"scrollY":913.1999999999999,"type":"Name","line":"-"},
{"id":343,"expanded":false,"name":" -- SUMMONING CIRCLE MAP","order":150,"parentId":114,"scrollX":720.6666666666666,"scrollY":854.6666666666666,"type":"Name","line":"-"},
{"id":344,"expanded":false,"name":" -- PANTRY","order":152,"parentId":114,"scrollX":1518.6666666666667,"scrollY":844,"type":"Name","line":"-"},
{"id":345,"expanded":false,"name":" -- BAKING ROOM","order":153,"parentId":114,"scrollX":690.6666666666666,"scrollY":864.6666666666666,"type":"Name","line":"-"},
{"id":346,"expanded":false,"name":" SIDE QUEST DREAMWORLD","order":16,"parentId":1,"scrollX":1500,"scrollY":1230.5,"type":"Name","line":"-"},
{"id":347,"expanded":false,"name":" -- FROZEN FOREST (IX)","order":197,"parentId":133,"scrollX":811,"scrollY":2044,"type":"Name","line":"-"},
{"id":348,"expanded":false,"name":" -- MOONWALK MAP","order":175,"parentId":123,"scrollX":1024.8,"scrollY":723.6,"type":"Name","line":"-"},
{"id":349,"expanded":true,"name":" -- LOST FOREST (I)","order":214,"parentId":161,"scrollX":664,"scrollY":875.3333333333334,"type":"Name","line":"-"},
{"id":350,"expanded":false,"name":" -- LOST FOREST (II)","order":215,"parentId":349,"scrollX":664,"scrollY":875.3333333333334,"type":"Name","line":"-"},
{"id":351,"expanded":false,"name":" -- LOST FOREST (III)","order":216,"parentId":349,"scrollX":2028,"scrollY":1308,"type":"Name","line":"-"},
{"id":352,"expanded":false,"name":" -- LOST FOREST (IV)","order":217,"parentId":349,"scrollX":664,"scrollY":875.3333333333334,"type":"Name","line":"-"},
{"id":353,"expanded":false,"name":" -- LOST FOREST (V)","order":218,"parentId":349,"scrollX":1303.7142857142856,"scrollY":840.8571428571428,"type":"Name","line":"-"},
{"id":354,"expanded":false,"name":" -- LOST FOREST (VI)","order":219,"parentId":349,"scrollX":664,"scrollY":875.3333333333334,"type":"Name","line":"-"},
{"id":355,"expanded":false,"name":"-- HALLUCINATION HOUSE","order":459,"parentId":321,"scrollX":3009,"scrollY":2179},
{"id":356,"expanded":false,"name":" -- RECITAL BACKSTAGE (BW)","order":445,"parentId":380,"scrollX":811,"scrollY":979,"type":"Name","line":"-"},
{"id":357,"expanded":false,"name":" -- OLD SHOE ENTRANCE (ALT I)","order":123,"parentId":96,"scrollX":1464,"scrollY":1033.7142857142856,"type":"Name","line":"-"},
{"id":358,"expanded":false,"name":" -- OLD SHOE ENTRANCE (ALT II)","order":124,"parentId":96,"scrollX":1015.1999999999999,"scrollY":753.6,"type":"Name","line":"-"},
{"id":359,"expanded":false,"name":" -- ABANDONED HOUSE INTERIOR","order":255,"parentId":339,"scrollX":809.5,"scrollY":1079.5,"type":"Name","line":"-"},
{"id":360,"expanded":true,"name":" -- OLD SHOE INTERIOR_BACKUP","order":119,"parentId":98,"scrollX":1024.8,"scrollY":723.6,"type":"","line":27},
{"id":361,"expanded":true,"name":" -- MINIGAMES","order":75,"parentId":54,"scrollX":1518.6666666666667,"scrollY":854.6666666666666},
{"id":362,"expanded":false,"name":" -- DELIVERY 1-1","order":76,"parentId":361,"scrollX":1128.75,"scrollY":735.75,"type":"Name","line":"-"},
{"id":363,"expanded":false,"name":" -- DELIVERY 1-2","order":77,"parentId":361,"scrollX":1518.6666666666667,"scrollY":854.6666666666666,"type":"Name","line":"-"},
{"id":364,"expanded":false,"name":" -- DELIVERY 1-3","order":78,"parentId":361,"scrollX":1708,"scrollY":1206},
{"id":365,"expanded":false,"name":" -- DELIVERY 2-1","order":79,"parentId":361,"scrollX":1518.6666666666667,"scrollY":854.6666666666666},
{"id":366,"expanded":false,"name":" -- DELIVERY 2-2","order":80,"parentId":361,"scrollX":1742,"scrollY":1219},
{"id":367,"expanded":false,"name":" -- DELIVERY 2-3","order":81,"parentId":361,"scrollX":819,"scrollY":461},
{"id":368,"expanded":false,"name":" -- DELIVERY 3-1","order":82,"parentId":361,"scrollX":2334.5454545454545,"scrollY":1329.818181818182},
{"id":369,"expanded":true,"name":" -- MEMORY","order":447,"parentId":262,"scrollX":819,"scrollY":461,"type":"Name","line":"-"},
{"id":370,"expanded":true,"name":" -- CROSSROADS SUNSET","order":436,"parentId":319,"scrollX":1109,"scrollY":1162,"type":"Name","line":"-"},
{"id":371,"expanded":true,"name":" -- CROSSROADS DAY","order":437,"parentId":319,"scrollX":1109,"scrollY":1045,"type":"Name","line":"-"},
{"id":372,"expanded":true,"name":" -- CROSSROADS NIGHT","order":438,"parentId":319,"scrollX":1109,"scrollY":855,"type":"Name","line":"-"},
{"id":373,"expanded":true,"name":" -- RED STAIRS (UNUSED)","order":423,"parentId":306,"scrollX":811,"scrollY":3187,"type":"Name","line":"-"},
{"id":374,"expanded":false,"name":" -- AUBREY SCHOOL","order":355,"parentId":270,"scrollX":664,"scrollY":864.6666666666666,"type":"Name","line":"-"},
{"id":375,"expanded":true,"name":"-- RESERVED","order":474,"parentId":11,"scrollX":819,"scrollY":461,"type":"","line":20},
{"id":376,"expanded":true,"name":" -- PLAYER STREET","order":440,"parentId":319,"scrollX":1896,"scrollY":1020,"type":"Name","line":"-"},
{"id":377,"expanded":true,"name":" -- THE LIGHT","order":439,"parentId":319,"scrollX":811,"scrollY":855,"type":"Name","line":"-"},
{"id":378,"expanded":true,"name":" -- CHILDHOOD HOME","order":441,"parentId":376,"scrollX":2018,"scrollY":1356,"type":"Name","line":"-"},
{"id":379,"expanded":true,"name":" -- DARK ROAD PATH","order":442,"parentId":319,"scrollX":811,"scrollY":1356,"type":"Name","line":"-"},
{"id":380,"expanded":true,"name":" -- RECITAL BACKSTAGE","order":444,"parentId":379,"scrollX":811,"scrollY":979,"type":"Name","line":"-"},
{"id":381,"expanded":true,"name":" -- RECITAL STAGE","order":446,"parentId":379,"scrollX":811,"scrollY":1219,"type":"Name","line":"-"},
{"id":382,"expanded":true,"name":" -- MEMORY - TREEHOUSE","order":449,"parentId":369,"scrollX":819,"scrollY":461,"type":"Name","line":"-"},
{"id":383,"expanded":true,"name":" -- MEMORY - BEACH","order":448,"parentId":369,"scrollX":869,"scrollY":855,"type":"Name","line":"-"},
{"id":384,"expanded":true,"name":" -- MEMORY - SECRET LAKE","order":450,"parentId":369,"scrollX":811,"scrollY":1457,"type":"Name","line":"-"},
{"id":385,"expanded":true,"name":" -- MEMORY - RAINY PLAYER STREET","order":451,"parentId":369,"scrollX":811,"scrollY":795,"type":"Name","line":"-"},
{"id":386,"expanded":true,"name":" -- MEMORY - BASILS LIVING ROOM","order":452,"parentId":369,"scrollX":811,"scrollY":499,"type":"Name","line":"-"},
{"id":387,"expanded":true,"name":" -- MEMORY - PLAYERS LIVING ROOM","order":453,"parentId":369,"scrollX":811,"scrollY":724,"type":"Name","line":"-"},
{"id":388,"expanded":true,"name":" -- WHITE SPACE","order":454,"parentId":369,"scrollX":1631,"scrollY":1205,"type":"Name","line":"-"},
{"id":389,"expanded":true,"name":" -- HOSPITAL","order":456,"parentId":262,"scrollX":819,"scrollY":461,"type":"Name","line":"-"},
{"id":390,"expanded":true,"name":" -- HOSPITAL ROOM PLAYER","order":457,"parentId":389,"scrollX":5413,"scrollY":3371,"type":"Name","line":"-"},
{"id":391,"expanded":true,"name":" -- OUTSIDE","order":21,"parentId":14,"scrollX":1589.3333333333333,"scrollY":1608,"type":"Name","line":"-"},
{"id":392,"expanded":true,"name":" -- SHALLOW SEA 2","order":362,"parentId":295,"scrollX":811,"scrollY":1075,"type":"Name","line":"-"},
{"id":393,"expanded":true,"name":" -- TREEHOUSE INTERIOR","order":22,"parentId":14,"scrollX":1464,"scrollY":1033.7142857142856,"type":"Name","line":"-"},
{"id":394,"expanded":true,"name":" -- GARDEN EDGE","order":354,"parentId":270,"scrollX":819,"scrollY":461,"type":"Name","line":"-"},
{"id":395,"expanded":true,"name":" -- KEL POOL","order":365,"parentId":284,"scrollX":819,"scrollY":461,"type":"Name","line":"-"},
{"id":396,"expanded":true,"name":" -- BEACH","order":356,"parentId":266,"scrollX":819,"scrollY":461,"type":"Name","line":"-"},
{"id":397,"expanded":true,"name":" -- HEROSAURUS","order":366,"parentId":284,"scrollX":819,"scrollY":461,"type":"Name","line":"-"},
{"id":398,"expanded":true,"name":" -- WALKING ROOM","order":344,"parentId":283,"scrollX":819,"scrollY":461,"type":"Name","line":"-"},
{"id":399,"expanded":true,"name":" -- FOGGY SEA","order":254,"parentId":421,"scrollX":2584,"scrollY":3250.6666666666665,"type":"Name","line":"-"},
{"id":400,"expanded":true,"name":"-- MINIGAMES","order":463,"parentId":11,"scrollX":819,"scrollY":461,"type":"Name","line":"-"},
{"id":401,"expanded":true,"name":" -- RESERVED","order":475,"parentId":375,"scrollX":897,"scrollY":914.25},
{"id":402,"expanded":true,"name":" -- PIZZA DELIVERY 1-1","order":464,"parentId":400,"scrollX":1025,"scrollY":651,"type":"Name","line":"-"},
{"id":403,"expanded":true,"name":" -- PIZZA DELIVERY 1-2","order":465,"parentId":400,"scrollX":1025,"scrollY":651,"type":"Name","line":"-"},
{"id":404,"expanded":true,"name":" -- PIZZA DELIVERY 1-3","order":466,"parentId":400,"scrollX":897,"scrollY":651,"type":"Name","line":"-"},
{"id":405,"expanded":true,"name":" -- PIZZA DELIVERY 2-1","order":467,"parentId":400,"scrollX":1025,"scrollY":714,"type":"Name","line":"-"},
{"id":406,"expanded":true,"name":" -- PIZZA DELIVERY 2-2","order":468,"parentId":400,"scrollX":2033,"scrollY":714,"type":"Name","line":"-"},
{"id":407,"expanded":true,"name":" -- PIZZA DELIVERY 2-3","order":469,"parentId":400,"scrollX":1025,"scrollY":714,"type":"Name","line":"-"},
{"id":408,"expanded":true,"name":" -- PIZZA DELIVERY 3-1","order":470,"parentId":400,"scrollX":1015,"scrollY":726,"type":"Name","line":"-"},
{"id":409,"expanded":true,"name":" -- PIZZA DELIVERY 3-2","order":471,"parentId":400,"scrollX":1519,"scrollY":855,"type":"Name","line":"-"},
{"id":410,"expanded":true,"name":" -- PIZZA DELIVERY 3-3","order":472,"parentId":400,"scrollX":1519,"scrollY":855,"type":"Name","line":"-"},
{"id":411,"expanded":true,"name":" -- FIXIT MINIGAME","order":473,"parentId":400,"scrollX":811,"scrollY":855,"type":"Name","line":"-"},
{"id":412,"expanded":true,"name":" -- WATER WALKWAY","order":367,"parentId":284,"scrollX":3269,"scrollY":2869,"type":"Name","line":"-"},
{"id":413,"expanded":true,"name":" -- MARI IS HOME I","order":374,"parentId":412,"scrollX":2642.6666666666665,"scrollY":2128.6666666666665,"type":"Name","line":"-"},
{"id":414,"expanded":true,"name":" -- STATIC VOID","order":382,"parentId":412,"scrollX":1414.6666666666667,"scrollY":1802,"type":"Name","line":"-"},
{"id":415,"expanded":true,"name":" -- DREAM I","order":372,"parentId":412,"scrollX":1397,"scrollY":555,"type":"Name","line":"-"},
{"id":416,"expanded":false,"name":" -- C","order":7,"parentId":4,"scrollX":1024.8,"scrollY":723.6,"type":"Name","line":"-"},
{"id":417,"expanded":true,"name":"-- DREAM WORLD","order":477,"parentId":695,"scrollX":1518.6666666666667,"scrollY":854.6666666666666},
{"id":418,"expanded":true,"name":"-- FARAWAY TOWN","order":482,"parentId":695,"scrollX":819,"scrollY":461},
{"id":419,"expanded":true,"name":"-- ENDINGS","order":505,"parentId":695,"scrollX":819,"scrollY":461},
{"id":420,"expanded":true,"name":" -- NEW MAPS","order":388,"parentId":263,"scrollX":819,"scrollY":461},
{"id":421,"expanded":true,"name":" -- LIGHTHOUSE","order":253,"parentId":339,"scrollX":1464,"scrollY":1033.7142857142856,"type":"Name","line":"-"},
{"id":422,"expanded":true,"name":"-- Day 2","order":486,"parentId":418,"scrollX":819,"scrollY":461},
{"id":423,"expanded":true,"name":"-- Day 3","order":489,"parentId":418,"scrollX":819,"scrollY":461},
{"id":424,"expanded":true,"name":"-- Day 4","order":502,"parentId":418,"scrollX":794.6666666666666,"scrollY":804},
{"id":425,"expanded":false,"name":" -- Kel at the Door","order":484,"parentId":482,"scrollX":1589,"scrollY":747,"type":"Name","line":"-"},
{"id":426,"expanded":false,"name":" -- FOREST ALCOVES","order":131,"parentId":99,"scrollX":1149.8181818181818,"scrollY":1485.818181818182,"type":"Name","line":"-"},
{"id":427,"expanded":false,"name":" -- JUNKYARD TUNNELS 1","order":185,"parentId":142,"scrollX":1852,"scrollY":1573.3333333333333,"type":"Name","line":"-"},
{"id":428,"expanded":false,"name":" -- JUNKYARD TUNNELS 2","order":186,"parentId":142,"scrollX":1518.6666666666667,"scrollY":854.6666666666666,"type":"Name","line":"-"},
{"id":429,"expanded":false,"name":" -- JUNKYARD EXTRA","order":187,"parentId":142,"scrollX":1518.6666666666667,"scrollY":854.6666666666666,"type":"Name","line":"-"},
{"id":430,"expanded":false,"name":" -- ENDLESS HIGHWAY","order":268,"parentId":203,"scrollX":3089,"scrollY":844,"type":"Name","line":"-"},
{"id":431,"expanded":false,"name":" -- OLD SHOE INTERIOR ROT","order":120,"parentId":97,"scrollX":601.3333333333334,"scrollY":447.3333333333333,"type":"Name","line":"-"},
{"id":432,"expanded":false,"name":" -- OLD SHOE INTERIOR ROTTING","order":121,"parentId":97,"scrollX":1464,"scrollY":1033.7142857142856,"type":"Name","line":"-"},
{"id":433,"expanded":true,"name":" -- ALCOVES I","order":515,"parentId":488,"scrollX":1852,"scrollY":2036,"type":"Name","line":"-"},
{"id":434,"expanded":false,"name":" -- OLD SHOE INTERIOR VOID","order":122,"parentId":97,"scrollX":1464,"scrollY":1033.7142857142856,"type":"Name","line":"-"},
{"id":435,"expanded":true,"name":" -- SWEETHEART DUNGEON 2","order":243,"parentId":171,"scrollX":1692,"scrollY":1724,"type":"Name","line":"-"},
{"id":436,"expanded":false,"name":" -- SWEETHEART BALCONY","order":235,"parentId":181,"scrollX":1708,"scrollY":1206,"type":"Name","line":"-"},
{"id":437,"expanded":false,"name":" -- ALCOVES II","order":516,"parentId":433,"scrollX":1612,"scrollY":2036,"type":"Name","line":"-"},
{"id":438,"expanded":true,"name":" -- SWEETHEART DUNGEON 3","order":244,"parentId":171,"scrollX":1708,"scrollY":1206,"type":"Name","line":"-"},
{"id":439,"expanded":false,"name":" -- CLUB SANDWICH (UNUSED)","order":266,"parentId":203,"scrollX":2008,"scrollY":1190,"type":"Name","line":"-"},
{"id":440,"expanded":false,"name":" -- LOST LIBRARY 1","order":247,"parentId":187,"scrollX":1692,"scrollY":1206,"type":"Name","line":"-"},
{"id":441,"expanded":false,"name":" -- LOST LIBRARY 2","order":248,"parentId":187,"scrollX":1692,"scrollY":1866,"type":"Name","line":"-"},
{"id":442,"expanded":false,"name":" -- There's Something Behind You","order":485,"parentId":482,"scrollX":2248,"scrollY":2128,"type":"Name","line":"-"},
{"id":443,"expanded":false,"name":" -- LOST LIBRARY 3","order":249,"parentId":187,"scrollX":1450.2857142857142,"scrollY":1866.8571428571427,"type":"Name","line":"-"},
{"id":444,"expanded":false,"name":" -- Errand List","order":487,"parentId":422,"scrollX":1519,"scrollY":747,"type":"Name","line":"-"},
{"id":445,"expanded":false,"name":" -- SUBCONSCIOUS SPILL","order":389,"parentId":420,"scrollX":1922.6666666666667,"scrollY":962,"type":"Name","line":"-"},
{"id":446,"expanded":false,"name":" -- DEEPERWELL PATH","order":285,"parentId":215,"scrollX":1015.1999999999999,"scrollY":2086.7999999999997,"type":"Name","line":"-"},
{"id":447,"expanded":false,"name":" -- WHIRLPOOLS 2","order":288,"parentId":495,"scrollX":2032,"scrollY":1586.6666666666667,"type":"Name","line":"-"},
{"id":448,"expanded":false,"name":" -- SUSPENSE","order":390,"parentId":420,"scrollX":1922.6666666666667,"scrollY":1139.3333333333333,"type":"Name","line":"-"},
{"id":449,"expanded":false,"name":" -- BORING ROOM","order":250,"parentId":171,"scrollX":1708,"scrollY":1206,"type":"Name","line":"-"},
{"id":450,"expanded":false,"name":" -- night outside","order":96,"parentId":78,"scrollX":809.5,"scrollY":1655.5,"type":"Name","line":"-"},
{"id":451,"expanded":false,"name":" -- CAT DISSECTION","order":391,"parentId":420,"scrollX":601.3333333333334,"scrollY":639.3333333333334,"type":"Name","line":"-"},
{"id":452,"expanded":false,"name":"-- TRAIN INTERIOR (STILL)","order":156,"parentId":333,"scrollX":1397.3333333333333,"scrollY":555.3333333333334,"type":"Name","line":"-"},
{"id":453,"expanded":false,"name":" -- CLUB SANDWICH","order":514,"parentId":488,"scrollX":811,"scrollY":1131,"type":"Name","line":"-"},
{"id":454,"expanded":false,"name":" -- FOREST OF STUMPS","order":392,"parentId":420,"scrollX":612,"scrollY":406,"type":"Name","line":"-"},
{"id":455,"expanded":false,"name":" -- SNOWY HILL","order":393,"parentId":420,"scrollX":1157.3333333333333,"scrollY":962,"type":"Name","line":"-"},
{"id":456,"expanded":false,"name":" -- CHURCH OF SOMETHING","order":394,"parentId":420,"scrollX":601.3333333333334,"scrollY":962,"type":"Name","line":"-"},
{"id":457,"expanded":false,"name":" -- CHURCH OF SOMETHING LONG","order":395,"parentId":420,"scrollX":601.3333333333334,"scrollY":1075.3333333333333,"type":"Name","line":"-"},
{"id":458,"expanded":true,"name":" -- WATERMELON PATH","order":396,"parentId":420,"scrollX":1109.3333333333333,"scrollY":1083.3333333333333,"type":"Name","line":"-"},
{"id":459,"expanded":false,"name":" -- SPIDER FOREST","order":416,"parentId":420,"scrollX":1677,"scrollY":2070,"type":"Name","line":"-"},
{"id":460,"expanded":true,"name":" -- CONSTRUCTION IN THE LAKE","order":398,"parentId":420,"scrollX":1501.3333333333333,"scrollY":3674,"type":"Name","line":"-"},
{"id":461,"expanded":false,"name":" -- Player in the Bathtub","order":488,"parentId":422,"scrollX":2812,"scrollY":2127,"type":"Name","line":"-"},
{"id":462,"expanded":true,"name":" -- BS TREEHOUSE INTERIOR","order":400,"parentId":460,"scrollX":819,"scrollY":461,"type":"Name","line":"-"},
{"id":463,"expanded":true,"name":" -- BASILS RAFT PATH","order":401,"parentId":420,"scrollX":811,"scrollY":1219,"type":"Name","line":"-"},
{"id":464,"expanded":false,"name":" -- FRIENDS PLAYGROUND","order":403,"parentId":420,"scrollX":811,"scrollY":1219,"type":"Name","line":"-"},
{"id":465,"expanded":false,"name":" -- RED SPACE","order":404,"parentId":420,"scrollX":811,"scrollY":1677,"type":"Name","line":"-"},
{"id":466,"expanded":true,"name":" -- NEIGHBORS BEDROOM","order":405,"parentId":420,"scrollX":811,"scrollY":2159,"type":"Name","line":"-"},
{"id":467,"expanded":false,"name":" -- Hospital | Welcome","order":490,"parentId":423,"scrollX":1519,"scrollY":651,"type":"Name","line":"-"},
{"id":468,"expanded":false,"name":" -- Mari's Tree","order":491,"parentId":423,"scrollX":811,"scrollY":643,"type":"Name","line":"-"},
{"id":469,"expanded":false,"name":" -- Memories in the Treehouse","order":492,"parentId":423,"scrollX":819,"scrollY":461,"type":"Name","line":"-"},
{"id":470,"expanded":false,"name":" -- MARI COFFIN","order":407,"parentId":420,"scrollX":811,"scrollY":883,"type":"Name","line":"-"},
{"id":471,"expanded":false,"name":" -- Stay for Basil","order":493,"parentId":423,"scrollX":2332,"scrollY":1639,"type":"Name","line":"-"},
{"id":472,"expanded":false,"name":" -- Basil's Plea","order":494,"parentId":423,"scrollX":2331,"scrollY":2129,"type":"Name","line":"-"},
{"id":473,"expanded":false,"name":" -- Light","order":495,"parentId":423,"scrollX":819,"scrollY":461},
{"id":474,"expanded":false,"name":" -- Mari's Request","order":496,"parentId":423,"scrollX":1508,"scrollY":1785,"type":"Name","line":"-"},
{"id":475,"expanded":false,"name":" -- CAT LOOP 1","order":497,"parentId":423,"scrollX":1508,"scrollY":507,"type":"Name","line":"-"},
{"id":476,"expanded":true,"name":" -- CAT LOOP 2","order":498,"parentId":423,"scrollX":819,"scrollY":461},
{"id":477,"expanded":false,"name":" -- CAT LOOP 3","order":499,"parentId":423,"scrollX":1519,"scrollY":507,"type":"Name","line":"-"},
{"id":478,"expanded":true,"name":" -- CAT LOOP 4","order":500,"parentId":423,"scrollX":1519,"scrollY":507},
{"id":479,"expanded":false,"name":" -- CAT LOOP 5","order":501,"parentId":423,"scrollX":819,"scrollY":461},
{"id":480,"expanded":false,"name":" -- Leave for the City","order":503,"parentId":424,"scrollX":1518.6666666666667,"scrollY":406,"type":"Name","line":"-"},
{"id":481,"expanded":true,"name":" -- Not Your Problem","order":504,"parentId":424,"scrollX":819,"scrollY":461,"type":"Name","line":"-"},
{"id":482,"expanded":true,"name":"-- Day 1","order":483,"parentId":418,"scrollX":1518.6666666666667,"scrollY":854.6666666666666},
{"id":483,"expanded":false,"name":" -- KEL THE LOST CHILD","order":478,"parentId":417,"scrollX":1030.6666666666667,"scrollY":406,"type":"Name","line":"-"},
{"id":484,"expanded":false,"name":"MAP484","order":506,"parentId":419,"scrollX":1518.6666666666667,"scrollY":854.6666666666666},
{"id":485,"expanded":false,"name":" -- KEL HAS TO USE THE BATHROOM!","order":479,"parentId":417,"scrollX":1508,"scrollY":1642,"type":"Name","line":"-"},
{"id":486,"expanded":false,"name":" -- AUBREY THE SECRETARY","order":480,"parentId":417,"scrollX":811,"scrollY":1642,"type":"Name","line":"-"},
{"id":487,"expanded":false,"name":" -- HERO THE MANAGER","order":481,"parentId":417,"scrollX":811,"scrollY":843,"type":"Name","line":"-"},
{"id":488,"expanded":true,"name":"❈ >> TRANSITION MAPS","order":507,"parentId":695,"scrollX":2812,"scrollY":2128,"type":"Name","line":"-"},
{"id":489,"expanded":true,"name":" -- PLUTO'S RIDE","order":513,"parentId":488,"scrollX":811,"scrollY":461,"type":"Name","line":"-"},
{"id":490,"expanded":true,"name":" -- VIEW: OTHERWORLD","order":508,"parentId":488,"scrollX":2165,"scrollY":795,"type":"Name","line":"-"},
{"id":491,"expanded":true,"name":" -- VIEW: ORANGE OASIS","order":509,"parentId":490,"scrollX":917,"scrollY":795,"type":"Name","line":"-"},
{"id":492,"expanded":true,"name":" -- VIEW: FROZEN FOREST","order":510,"parentId":490,"scrollX":917,"scrollY":603,"type":"Name","line":"-"},
{"id":493,"expanded":true,"name":" -- VIEW: DEEP WELL","order":511,"parentId":490,"scrollX":811,"scrollY":1707,"type":"Name","line":"-"},
{"id":494,"expanded":true,"name":" -- VIEW: BASIL'S RESPITE","order":512,"parentId":490,"scrollX":1508,"scrollY":2025,"type":"Name","line":"-"},
{"id":495,"expanded":true,"name":" -- DEEPERWELL FALLS","order":286,"parentId":215,"scrollX":2332,"scrollY":2087,"type":"Name","line":"-"},
{"id":496,"expanded":false,"name":" -- NEIGHBORS PATH","order":406,"parentId":466,"scrollX":811,"scrollY":643,"type":"Name","line":"-"},
{"id":497,"expanded":false,"name":" -- PATH TO BASIL (BS)","order":125,"parentId":94,"scrollX":1015.1999999999999,"scrollY":1676.3999999999999,"type":"Name","line":"-"},
{"id":498,"expanded":false,"name":" -- DARK ROAD END","order":443,"parentId":379,"scrollX":811,"scrollY":1363,"type":"Name","line":"-"},
{"id":499,"expanded":false,"name":" -- ROCOCO'S ROOM","order":238,"parentId":185,"scrollX":811,"scrollY":1085,"type":"Name","line":"-"},
{"id":500,"expanded":true,"name":" -- RED ROOM","order":376,"parentId":413,"scrollX":1923,"scrollY":2129,"type":"Name","line":"-"},
{"id":501,"expanded":true,"name":" -- LOST AT SEA II","order":381,"parentId":502,"scrollX":601.3333333333334,"scrollY":1044.6666666666667,"type":"Name","line":"-"},
{"id":502,"expanded":true,"name":" -- LOST AT SEA I","order":377,"parentId":412,"scrollX":811,"scrollY":2129,"type":"Name","line":"-"},
{"id":503,"expanded":true,"name":" -- MARI IS HOME II","order":375,"parentId":413,"scrollX":965,"scrollY":2129,"type":"Name","line":"-"},
{"id":504,"expanded":false,"name":" -- DREAM II","order":373,"parentId":415,"scrollX":1205,"scrollY":555,"type":"Name","line":"-"},
{"id":505,"expanded":false,"name":"-- NEIGHBORHOOD","order":409,"parentId":420,"scrollX":811,"scrollY":1191,"type":"Name","line":"-"},
{"id":506,"expanded":false,"name":"-- INCUBATION","order":408,"parentId":420,"scrollX":811,"scrollY":891,"type":"Name","line":"-"},
{"id":507,"expanded":false,"name":"-- SAFE SPOT","order":410,"parentId":420,"scrollX":2440,"scrollY":4347,"type":"Name","line":"-"},
{"id":508,"expanded":false,"name":"-- SCRIBBLES","order":411,"parentId":420,"scrollX":2069,"scrollY":4347,"type":"Name","line":"-"},
{"id":509,"expanded":false,"name":"-- MEAT ROOM","order":412,"parentId":420,"scrollX":811,"scrollY":979,"type":"Name","line":"-"},
{"id":510,"expanded":false,"name":"-- FISH OUT OF WATER","order":413,"parentId":420,"scrollX":811,"scrollY":1467,"type":"Name","line":"-"},
{"id":511,"expanded":false,"name":"-- TIME","order":414,"parentId":420,"scrollX":811,"scrollY":979,"type":"Name","line":"-"},
{"id":512,"expanded":false,"name":"-- TWOSIDE","order":415,"parentId":420,"scrollX":811,"scrollY":979,"type":"Name","line":"-"},
{"id":513,"expanded":true,"name":"-- BOSS RUSH","order":325,"parentId":217,"scrollX":664,"scrollY":875.3333333333334},
null,
null,
null,
null,
null,
null,
null,
null,
null,
null,
null,
null,
null,
null,
null,
null,
null,
null,
null,
null,
null,
null,
null,
null,
null,
null,
null,
null,
null,
null,
null,
null,
null,
null,
null,
null,
null,
null,
null,
null,
null,
null,
null,
null,
null,
null,
null,
null,
null,
null,
null,
null,
null,
null,
null,
null,
null,
null,
null,
null,
null,
null,
null,
null,
null,
null,
null,
null,
null,
null,
null,
null,
null,
null,
null,
null,
null,
null,
null,
null,
null,
null,
null,
null,
null,
null,
null,
null,
null,
null,
null,
null,
null,
null,
null,
null,
null,
null,
null,
null,
null,
null,
null,
null,
null,
null,
null,
null,
null,
null,
null,
null,
null,
null,
null,
null,
null,
null,
null,
null,
null,
null,
null,
null,
null,
null,
null,
null,
null,
null,
null,
null,
null,
null,
null,
null,
null,
null,
null,
null,
null,
null,
null,
null,
null,
null,
null,
null,
null,
null,
null,
null,
null,
null,
null,
null,
null,
null,
null,
null,
null,
null,
null,
null,
null,
null,
null,
null,
null,
null,
null,
null,
null,
null,
null,
null,
null,
null,
null,
null,
null,
{"id":695,"expanded":true,"name":"❈ >> CUTSCENE MAPS","order":476,"parentId":0,"scrollX":1518.6666666666667,"scrollY":854.6666666666666},
null,
null,
null,
null,
null,
null,
null,
null,
null,
null,
null,
null,
null,
null,
null,
null,
null,
null,
null,
null,
null,
null,
null,
null,
null,
null,
null,
null,
null,
null,
null,
null,
null,
null,
null,
null,
null,
null,
null,
null,
null,
null,
null,
null,
null,
null,
null,
null,
null,
null,
null,
null,
null,
null,
null,
null,
null,
null,
null,
null,
null,
null,
null,
null,
null,
null,
null,
null,
null,
null,
null,
null,
null,
null,
null,
null,
null,
null,
null,
null,
null,
null,
null,
null,
null,
null,
null,
null,
null,
null,
null,
null,
null,
null,
null,
null,
null,
null,
null,
null,
null,
null,
null,
null,
null,
null,
null,
null,
null,
null,
null,
null,
null,
null,
null,
null,
null,
null,
null,
null,
null,
null,
null,
null,
null,
null,
null,
null,
null,
null,
null,
null,
null,
null,
null,
null,
null,
null,
null,
null,
null,
null,
null,
null,
null,
null,
null,
null,
null,
null,
null,
null,
null,
null,
null,
null,
null,
null,
null,
null,
null,
null,
null,
null,
null,
null,
null,
null,
null,
null,
null,
null,
null,
null,
null,
null,
null,
null,
null,
null,
null,
null,
null,
null,
null,
null,
null,
null,
null,
null,
null,
null,
null,
null,
null,
null,
null,
null,
null,
null,
null,
null,
null,
null,
null,
null,
null,
null,
null,
null,
null,
null,
null,
null,
null,
null,
null,
null,
null,
null,
null,
null,
null,
null,
null,
null,
null,
null,
null,
null,
null,
null,
null,
null,
null,
null,
null,
null,
null,
null,
null,
null,
null,
null,
null,
null,
null,
null,
null,
null,
null,
null,
null,
null,
null,
null,
null,
null,
null,
null,
null,
null,
null,
null,
null,
null,
null,
null,
null,
null,
null,
null,
null,
null,
null,
null,
null,
null,
null,
null,
null,
null,
null,
null,
null,
null,
{"id":982,"expanded":false,"name":" ❀ > CUTSCENE NEXUS","order":12,"parentId":1,"scrollX":1660,"scrollY":1447.3333333333333,"type":"Name","line":"-"},
null,
null,
{"id":985,"expanded":true,"name":" ❀ > DUNGEON NEXUS","order":13,"parentId":1,"scrollX":1015.1999999999999,"scrollY":1004.4,"type":"Name","line":"-"},
{"id":986,"expanded":true,"name":"★ >> BACKUP","order":14,"parentId":1,"scrollX":1512,"scrollY":1300.6666666666667,"type":"Name","line":"-"},
null,
null,
null,
null,
null,
null,
null,
null,
null,
null,
null,
null,
{"id":999,"expanded":true,"name":"❈ >> BEGIN","order":518,"parentId":0,"scrollX":612,"scrollY":416.6666666666667,"type":"Name","line":"-"}
]