{
  "id": "OMORI ITA",
  "name": "OMORI Italian Fan Translation (Beta)",
  "description": "Traduzione italiana non ufficiale di OMORI",
  "version": "0.0.3",
  "files": {
    "plugins": [ "plugins/" ],
    "text": [ "en/" ],
    "data": [ "data/" ],
    "maps": [],
    "assets": [ "fonts/", "img/pictures/", "img/system/", "img/tilesets/", "img/characters/", "img/atlases/", "img/enemies/", "img/animations/", "img/sv_actors/", "movies/" ],
    "exec": [],
    "data_pluto": [ "data/" ]
  }
}